2026-10-05 20:15:41 run_id=20261005_201541 device=cuda gpu=NVIDIA GeForce RTX 4090 seed=5330
2026-10-05 20:15:41 epochs=50 lr=0.0002 lambda_cycle=10.0 lambda_identity=2.5 image_size=256 batch_size=1
2026-10-05 20:15:42 FRESH RUN from epoch 1
2026-10-05 20:16:33 epoch 1 step 500/6335 G=7.4449 D=0.2490 cycle_a=0.2370 cycle_b=0.2818 id_a=0.2277 id_b=0.2885 gnorm_G=45.7813 gnorm_D=7.9644
2026-10-05 20:17:20 epoch 1 step 1000/6335 G=8.7340 D=0.7408 cycle_a=0.4087 cycle_b=0.2555 id_a=0.4200 id_b=0.1957 gnorm_G=54.5865 gnorm_D=17.7252
2026-10-05 20:18:08 epoch 1 step 1500/6335 G=7.4184 D=0.2885 cycle_a=0.2300 cycle_b=0.3040 id_a=0.2219 id_b=0.2577 gnorm_G=47.1693 gnorm_D=9.2041
2026-10-05 20:18:57 epoch 1 step 2000/6335 G=4.3380 D=0.7416 cycle_a=0.1533 cycle_b=0.1793 id_a=0.1433 id_b=0.1655 gnorm_G=26.3393 gnorm_D=13.0335
2026-10-05 20:19:45 epoch 1 step 2500/6335 G=6.0761 D=0.5401 cycle_a=0.1897 cycle_b=0.2298 id_a=0.1860 id_b=0.2512 gnorm_G=30.9431 gnorm_D=9.2098
2026-10-05 20:20:34 epoch 1 step 3000/6335 G=5.2227 D=0.5292 cycle_a=0.1281 cycle_b=0.2429 id_a=0.1597 id_b=0.1945 gnorm_G=30.8770 gnorm_D=5.8749
2026-10-05 20:21:22 epoch 1 step 3500/6335 G=7.3368 D=0.1756 cycle_a=0.2743 cycle_b=0.1958 id_a=0.2746 id_b=0.1673 gnorm_G=46.8736 gnorm_D=6.6525
2026-10-05 20:22:11 epoch 1 step 4000/6335 G=5.1743 D=0.4517 cycle_a=0.1726 cycle_b=0.1802 id_a=0.2027 id_b=0.1684 gnorm_G=27.2333 gnorm_D=11.8916
2026-10-05 20:23:00 epoch 1 step 4500/6335 G=4.8876 D=0.6871 cycle_a=0.1717 cycle_b=0.1582 id_a=0.1914 id_b=0.2555 gnorm_G=22.7553 gnorm_D=4.9995
2026-10-05 20:23:47 epoch 1 step 5000/6335 G=7.6640 D=0.7017 cycle_a=0.1398 cycle_b=0.4550 id_a=0.1534 id_b=0.3348 gnorm_G=38.1558 gnorm_D=7.9047
2026-10-05 20:24:35 epoch 1 step 5500/6335 G=5.8218 D=0.6757 cycle_a=0.1647 cycle_b=0.2116 id_a=0.1893 id_b=0.1849 gnorm_G=25.2337 gnorm_D=23.8919
2026-10-05 20:25:24 epoch 1 step 6000/6335 G=5.3760 D=0.2489 cycle_a=0.1781 cycle_b=0.1002 id_a=0.1864 id_b=0.1354 gnorm_G=21.6376 gnorm_D=11.2846
2026-10-05 20:26:14 EPOCH 1/50 train_G=6.6975 train_D=0.4254 val_G=6.1545 val_D=0.4473 cycle_a=0.2166 cycle_b=0.2382 gnorm_G=36.7838 gnorm_D=13.1290 seconds=632.14 images_per_sec=20.04 peak_gb=1.568 nan_inf=0 lr=0.000200
2026-10-05 20:26:16 MILESTONE saved /app/task3_gan_output/checkpoints/generators_epoch_001.pt
2026-10-05 20:27:04 epoch 2 step 500/6335 G=8.0126 D=0.3316 cycle_a=0.3573 cycle_b=0.1477 id_a=0.3422 id_b=0.1719 gnorm_G=36.1263 gnorm_D=10.6020
2026-10-05 20:27:54 epoch 2 step 1000/6335 G=4.7741 D=0.4258 cycle_a=0.1805 cycle_b=0.1039 id_a=0.1976 id_b=0.1224 gnorm_G=31.4784 gnorm_D=10.5985
2026-10-05 20:28:47 epoch 2 step 1500/6335 G=5.4423 D=0.6368 cycle_a=0.1254 cycle_b=0.1643 id_a=0.1100 id_b=0.2358 gnorm_G=22.1375 gnorm_D=15.2086
2026-10-05 20:29:36 epoch 2 step 2000/6335 G=6.4685 D=0.1779 cycle_a=0.2645 cycle_b=0.2024 id_a=0.2155 id_b=0.0824 gnorm_G=45.5347 gnorm_D=10.5024
2026-10-05 20:30:24 epoch 2 step 2500/6335 G=4.8307 D=0.4028 cycle_a=0.1693 cycle_b=0.1536 id_a=0.1622 id_b=0.1687 gnorm_G=25.0514 gnorm_D=6.1453
2026-10-05 20:31:12 epoch 2 step 3000/6335 G=6.8951 D=0.2172 cycle_a=0.1847 cycle_b=0.2102 id_a=0.2042 id_b=0.1234 gnorm_G=41.5601 gnorm_D=9.4461
2026-10-05 20:32:01 epoch 2 step 3500/6335 G=5.6619 D=0.4330 cycle_a=0.1554 cycle_b=0.1182 id_a=0.1422 id_b=0.1024 gnorm_G=27.5233 gnorm_D=21.2137
2026-10-05 20:32:49 epoch 2 step 4000/6335 G=3.9568 D=0.1208 cycle_a=0.1350 cycle_b=0.1038 id_a=0.1134 id_b=0.0815 gnorm_G=18.9425 gnorm_D=11.0216
2026-10-05 20:33:38 epoch 2 step 4500/6335 G=8.0596 D=0.4197 cycle_a=0.1819 cycle_b=0.2560 id_a=0.1889 id_b=0.2576 gnorm_G=28.5063 gnorm_D=19.0836
2026-10-05 20:34:26 epoch 2 step 5000/6335 G=5.0473 D=0.1791 cycle_a=0.0938 cycle_b=0.1718 id_a=0.1054 id_b=0.1509 gnorm_G=55.5755 gnorm_D=14.0221
2026-10-05 20:35:14 epoch 2 step 5500/6335 G=6.6857 D=0.2606 cycle_a=0.1600 cycle_b=0.2925 id_a=0.2088 id_b=0.2442 gnorm_G=49.2225 gnorm_D=14.0088
2026-10-05 20:36:03 epoch 2 step 6000/6335 G=5.0412 D=0.4977 cycle_a=0.1209 cycle_b=0.2685 id_a=0.1170 id_b=0.2000 gnorm_G=58.3661 gnorm_D=15.9206
2026-10-05 20:36:53 EPOCH 2/50 train_G=5.6832 train_D=0.2744 val_G=5.6349 val_D=0.2385 cycle_a=0.1672 cycle_b=0.1763 gnorm_G=32.3131 gnorm_D=10.1659 seconds=636.84 images_per_sec=19.90 peak_gb=1.562 nan_inf=0 lr=0.000200
2026-10-05 20:37:41 epoch 3 step 500/6335 G=4.5175 D=0.2118 cycle_a=0.1392 cycle_b=0.1600 id_a=0.1028 id_b=0.1738 gnorm_G=22.7750 gnorm_D=7.5842
2026-10-05 20:38:30 epoch 3 step 1000/6335 G=6.6970 D=0.1717 cycle_a=0.1908 cycle_b=0.1867 id_a=0.3247 id_b=0.1651 gnorm_G=44.6733 gnorm_D=12.0093
2026-10-05 20:39:19 epoch 3 step 1500/6335 G=5.2627 D=0.2460 cycle_a=0.1341 cycle_b=0.1946 id_a=0.1463 id_b=0.1883 gnorm_G=24.0199 gnorm_D=16.9284
2026-10-05 20:40:08 epoch 3 step 2000/6335 G=4.8811 D=0.1501 cycle_a=0.1495 cycle_b=0.1448 id_a=0.1934 id_b=0.2012 gnorm_G=37.2556 gnorm_D=11.1195
2026-10-05 20:40:56 epoch 3 step 2500/6335 G=6.4716 D=0.1406 cycle_a=0.1269 cycle_b=0.2885 id_a=0.1233 id_b=0.2654 gnorm_G=46.1683 gnorm_D=10.1650
2026-10-05 20:41:45 epoch 3 step 3000/6335 G=4.7024 D=0.1877 cycle_a=0.1674 cycle_b=0.1121 id_a=0.1226 id_b=0.1114 gnorm_G=38.3932 gnorm_D=11.5301
2026-10-05 20:42:33 epoch 3 step 3500/6335 G=4.5257 D=0.2008 cycle_a=0.0929 cycle_b=0.1155 id_a=0.1579 id_b=0.0805 gnorm_G=39.6625 gnorm_D=12.3226
2026-10-05 20:43:22 epoch 3 step 4000/6335 G=8.7128 D=0.2014 cycle_a=0.2031 cycle_b=0.3495 id_a=0.1316 id_b=0.2911 gnorm_G=62.4190 gnorm_D=14.3610
2026-10-05 20:44:12 epoch 3 step 4500/6335 G=6.1413 D=0.0774 cycle_a=0.2647 cycle_b=0.0888 id_a=0.2850 id_b=0.0931 gnorm_G=81.2041 gnorm_D=6.8287
2026-10-05 20:45:01 epoch 3 step 5000/6335 G=4.9390 D=0.3672 cycle_a=0.1626 cycle_b=0.1240 id_a=0.1902 id_b=0.1332 gnorm_G=36.2989 gnorm_D=12.4401
2026-10-05 20:45:49 epoch 3 step 5500/6335 G=5.4166 D=0.1970 cycle_a=0.1159 cycle_b=0.2124 id_a=0.1111 id_b=0.2104 gnorm_G=48.7110 gnorm_D=6.6047
2026-10-05 20:46:38 epoch 3 step 6000/6335 G=3.9483 D=0.1336 cycle_a=0.0811 cycle_b=0.1372 id_a=0.0944 id_b=0.1680 gnorm_G=94.9891 gnorm_D=11.3127
2026-10-05 20:47:27 EPOCH 3/50 train_G=5.5345 train_D=0.2199 val_G=5.3914 val_D=0.2502 cycle_a=0.1525 cycle_b=0.1643 gnorm_G=48.6035 gnorm_D=11.5006 seconds=632.90 images_per_sec=20.02 peak_gb=1.562 nan_inf=0 lr=0.000200
2026-10-05 20:48:17 epoch 4 step 500/6335 G=5.2215 D=0.2645 cycle_a=0.1376 cycle_b=0.1986 id_a=0.1498 id_b=0.0753 gnorm_G=74.0158 gnorm_D=14.7909
2026-10-05 20:49:06 epoch 4 step 1000/6335 G=5.4522 D=0.2546 cycle_a=0.1112 cycle_b=0.2580 id_a=0.1416 id_b=0.2745 gnorm_G=45.1188 gnorm_D=9.0824
2026-10-05 20:49:55 epoch 4 step 1500/6335 G=6.3816 D=0.3472 cycle_a=0.1922 cycle_b=0.1803 id_a=0.1425 id_b=0.1134 gnorm_G=61.1523 gnorm_D=16.7359
2026-10-05 20:50:43 epoch 4 step 2000/6335 G=6.3867 D=0.2541 cycle_a=0.1916 cycle_b=0.1272 id_a=0.2454 id_b=0.1515 gnorm_G=53.9547 gnorm_D=13.5381
2026-10-05 20:51:31 epoch 4 step 2500/6335 G=4.5374 D=0.1549 cycle_a=0.1107 cycle_b=0.1285 id_a=0.0837 id_b=0.1509 gnorm_G=43.0136 gnorm_D=11.9915
2026-10-05 20:52:19 epoch 4 step 3000/6335 G=3.9928 D=0.2270 cycle_a=0.1103 cycle_b=0.0942 id_a=0.1464 id_b=0.0844 gnorm_G=55.6587 gnorm_D=14.4965
2026-10-05 20:53:07 epoch 4 step 3500/6335 G=5.4491 D=0.4852 cycle_a=0.1406 cycle_b=0.1267 id_a=0.1805 id_b=0.1037 gnorm_G=52.1521 gnorm_D=22.9609
2026-10-05 20:53:57 epoch 4 step 4000/6335 G=6.0232 D=0.1859 cycle_a=0.1938 cycle_b=0.1630 id_a=0.2013 id_b=0.1607 gnorm_G=69.4710 gnorm_D=6.1953
2026-10-05 20:54:49 epoch 4 step 4500/6335 G=6.5969 D=0.2955 cycle_a=0.2455 cycle_b=0.1257 id_a=0.2874 id_b=0.1583 gnorm_G=88.7473 gnorm_D=14.5374
2026-10-05 20:55:41 epoch 4 step 5000/6335 G=4.0888 D=0.2991 cycle_a=0.0949 cycle_b=0.1474 id_a=0.0927 id_b=0.1503 gnorm_G=43.3226 gnorm_D=11.2561
2026-10-05 20:56:32 epoch 4 step 5500/6335 G=5.4535 D=0.3829 cycle_a=0.1552 cycle_b=0.1743 id_a=0.1787 id_b=0.1537 gnorm_G=57.1936 gnorm_D=21.2155
2026-10-05 20:57:21 epoch 4 step 6000/6335 G=5.0761 D=0.1406 cycle_a=0.1506 cycle_b=0.1390 id_a=0.1482 id_b=0.1281 gnorm_G=60.7594 gnorm_D=7.0617
2026-10-05 20:58:11 EPOCH 4/50 train_G=5.1476 train_D=0.2582 val_G=5.4752 val_D=0.2874 cycle_a=0.1391 cycle_b=0.1555 gnorm_G=50.9520 gnorm_D=12.4016 seconds=642.99 images_per_sec=19.70 peak_gb=1.562 nan_inf=0 lr=0.000200
2026-10-05 20:59:01 epoch 5 step 500/6335 G=5.0036 D=0.2709 cycle_a=0.1203 cycle_b=0.1915 id_a=0.1319 id_b=0.1866 gnorm_G=43.9049 gnorm_D=12.8713
2026-10-05 20:59:50 epoch 5 step 1000/6335 G=5.3769 D=0.3964 cycle_a=0.1533 cycle_b=0.1641 id_a=0.1473 id_b=0.1692 gnorm_G=54.5938 gnorm_D=23.4128
2026-10-05 21:00:38 epoch 5 step 1500/6335 G=4.2165 D=1.0489 cycle_a=0.0796 cycle_b=0.1834 id_a=0.0873 id_b=0.1642 gnorm_G=77.9098 gnorm_D=33.6894
2026-10-05 21:01:25 epoch 5 step 2000/6335 G=4.2480 D=0.3502 cycle_a=0.0983 cycle_b=0.1376 id_a=0.0852 id_b=0.1575 gnorm_G=28.6361 gnorm_D=13.4922
2026-10-05 21:02:14 epoch 5 step 2500/6335 G=7.0924 D=0.0844 cycle_a=0.1727 cycle_b=0.2137 id_a=0.1593 id_b=0.0945 gnorm_G=59.3622 gnorm_D=7.7946
2026-10-05 21:03:02 epoch 5 step 3000/6335 G=4.6501 D=0.1952 cycle_a=0.1675 cycle_b=0.1125 id_a=0.1781 id_b=0.1041 gnorm_G=26.4512 gnorm_D=16.6571
2026-10-05 21:03:50 epoch 5 step 3500/6335 G=4.7670 D=0.2211 cycle_a=0.1058 cycle_b=0.1277 id_a=0.1308 id_b=0.1483 gnorm_G=46.7256 gnorm_D=18.0794
2026-10-05 21:04:39 epoch 5 step 4000/6335 G=4.9392 D=0.2183 cycle_a=0.1184 cycle_b=0.1632 id_a=0.1701 id_b=0.1373 gnorm_G=44.4402 gnorm_D=9.8774
2026-10-05 21:05:26 epoch 5 step 4500/6335 G=5.1983 D=0.2155 cycle_a=0.2043 cycle_b=0.1183 id_a=0.2047 id_b=0.1489 gnorm_G=48.7783 gnorm_D=10.4193
2026-10-05 21:06:15 epoch 5 step 5000/6335 G=3.4697 D=0.2825 cycle_a=0.0645 cycle_b=0.1002 id_a=0.1027 id_b=0.1224 gnorm_G=40.3087 gnorm_D=15.7115
2026-10-05 21:07:03 epoch 5 step 5500/6335 G=4.3415 D=0.3203 cycle_a=0.1408 cycle_b=0.1277 id_a=0.1364 id_b=0.1202 gnorm_G=27.7279 gnorm_D=5.1233
2026-10-05 21:07:52 epoch 5 step 6000/6335 G=5.0468 D=0.2372 cycle_a=0.1485 cycle_b=0.1481 id_a=0.1541 id_b=0.1110 gnorm_G=42.5427 gnorm_D=17.4343
2026-10-05 21:08:43 EPOCH 5/50 train_G=4.9428 train_D=0.2447 val_G=5.7525 val_D=0.4569 cycle_a=0.1285 cycle_b=0.1473 gnorm_G=48.6930 gnorm_D=12.1812 seconds=630.78 images_per_sec=20.09 peak_gb=1.562 nan_inf=0 lr=0.000200
2026-10-05 21:09:34 epoch 6 step 500/6335 G=7.4764 D=0.0773 cycle_a=0.1855 cycle_b=0.2724 id_a=0.1457 id_b=0.3871 gnorm_G=58.4423 gnorm_D=6.3116
2026-10-05 21:10:22 epoch 6 step 1000/6335 G=5.0807 D=0.2033 cycle_a=0.1367 cycle_b=0.1975 id_a=0.1299 id_b=0.1649 gnorm_G=37.8043 gnorm_D=15.8329
2026-10-05 21:11:10 epoch 6 step 1500/6335 G=6.1207 D=0.3270 cycle_a=0.2094 cycle_b=0.1475 id_a=0.2629 id_b=0.1492 gnorm_G=40.5429 gnorm_D=18.4611
2026-10-05 21:11:58 epoch 6 step 2000/6335 G=4.8838 D=0.2034 cycle_a=0.1290 cycle_b=0.1312 id_a=0.1485 id_b=0.1421 gnorm_G=33.9773 gnorm_D=14.3330
2026-10-05 21:12:45 epoch 6 step 2500/6335 G=4.0027 D=0.3756 cycle_a=0.1256 cycle_b=0.1084 id_a=0.1286 id_b=0.1190 gnorm_G=37.3049 gnorm_D=17.7614
2026-10-05 21:13:35 epoch 6 step 3000/6335 G=4.1975 D=0.1374 cycle_a=0.0958 cycle_b=0.1095 id_a=0.1412 id_b=0.1303 gnorm_G=34.8590 gnorm_D=5.8072
2026-10-05 21:14:24 epoch 6 step 3500/6335 G=5.4726 D=0.1750 cycle_a=0.1184 cycle_b=0.2066 id_a=0.1700 id_b=0.1727 gnorm_G=33.4021 gnorm_D=14.9475
2026-10-05 21:15:13 epoch 6 step 4000/6335 G=4.2374 D=0.1358 cycle_a=0.1219 cycle_b=0.0949 id_a=0.1031 id_b=0.0890 gnorm_G=33.3273 gnorm_D=11.4476
2026-10-05 21:16:04 epoch 6 step 4500/6335 G=5.8436 D=0.2219 cycle_a=0.1161 cycle_b=0.1819 id_a=0.1312 id_b=0.1312 gnorm_G=75.2112 gnorm_D=15.8604
2026-10-05 21:16:53 epoch 6 step 5000/6335 G=4.5870 D=0.1567 cycle_a=0.1591 cycle_b=0.1045 id_a=0.1199 id_b=0.0647 gnorm_G=43.7473 gnorm_D=10.3441
2026-10-05 21:17:43 epoch 6 step 5500/6335 G=4.9622 D=0.2466 cycle_a=0.1083 cycle_b=0.0700 id_a=0.1009 id_b=0.0569 gnorm_G=92.7691 gnorm_D=17.3284
2026-10-05 21:18:31 epoch 6 step 6000/6335 G=3.7028 D=0.3174 cycle_a=0.0874 cycle_b=0.0862 id_a=0.0898 id_b=0.0883 gnorm_G=49.3418 gnorm_D=12.6577
2026-10-05 21:19:24 EPOCH 6/50 train_G=4.7828 train_D=0.2376 val_G=5.3350 val_D=0.3496 cycle_a=0.1201 cycle_b=0.1418 gnorm_G=46.9375 gnorm_D=11.9900 seconds=640.10 images_per_sec=19.79 peak_gb=1.562 nan_inf=0 lr=0.000200
2026-10-05 21:20:17 epoch 7 step 500/6335 G=4.0089 D=0.1855 cycle_a=0.1129 cycle_b=0.1209 id_a=0.1774 id_b=0.1039 gnorm_G=29.8563 gnorm_D=7.5540
2026-10-05 21:21:07 epoch 7 step 1000/6335 G=3.9526 D=0.3300 cycle_a=0.0608 cycle_b=0.1139 id_a=0.0939 id_b=0.1150 gnorm_G=43.2131 gnorm_D=16.9264
2026-10-05 21:21:55 epoch 7 step 1500/6335 G=5.9437 D=0.1145 cycle_a=0.1112 cycle_b=0.2230 id_a=0.0889 id_b=0.3635 gnorm_G=50.7622 gnorm_D=7.7743
2026-10-05 21:22:42 epoch 7 step 2000/6335 G=6.5644 D=0.1827 cycle_a=0.1260 cycle_b=0.1482 id_a=0.1384 id_b=0.0906 gnorm_G=104.5481 gnorm_D=15.7927
2026-10-05 21:23:31 epoch 7 step 2500/6335 G=4.2407 D=0.3867 cycle_a=0.1260 cycle_b=0.1159 id_a=0.1398 id_b=0.2786 gnorm_G=31.4787 gnorm_D=10.9161
2026-10-05 21:24:19 epoch 7 step 3000/6335 G=5.7148 D=0.1676 cycle_a=0.1391 cycle_b=0.1260 id_a=0.1521 id_b=0.1644 gnorm_G=38.5833 gnorm_D=12.9893
2026-10-05 21:25:08 epoch 7 step 3500/6335 G=4.2096 D=0.0770 cycle_a=0.1260 cycle_b=0.0866 id_a=0.1211 id_b=0.0814 gnorm_G=52.3842 gnorm_D=5.0013
2026-10-05 21:25:56 epoch 7 step 4000/6335 G=3.9840 D=0.2445 cycle_a=0.1170 cycle_b=0.0839 id_a=0.1272 id_b=0.0786 gnorm_G=89.6356 gnorm_D=10.8482
2026-10-05 21:26:45 epoch 7 step 4500/6335 G=4.1928 D=0.2574 cycle_a=0.0901 cycle_b=0.1045 id_a=0.0902 id_b=0.1032 gnorm_G=38.7936 gnorm_D=10.7809
2026-10-05 21:27:45 epoch 7 step 5000/6335 G=5.3166 D=0.1611 cycle_a=0.0804 cycle_b=0.1234 id_a=0.0863 id_b=0.1102 gnorm_G=45.0074 gnorm_D=11.8936
2026-10-05 21:31:33 epoch 7 step 5500/6335 G=4.2397 D=0.2558 cycle_a=0.1026 cycle_b=0.1421 id_a=0.0934 id_b=0.1455 gnorm_G=32.6561 gnorm_D=7.2350
2026-10-05 21:32:34 epoch 7 step 6000/6335 G=4.0838 D=0.2707 cycle_a=0.1126 cycle_b=0.1638 id_a=0.1066 id_b=0.1641 gnorm_G=18.8372 gnorm_D=11.4953
2026-10-05 21:33:25 EPOCH 7/50 train_G=4.6685 train_D=0.2306 val_G=5.5993 val_D=0.4958 cycle_a=0.1139 cycle_b=0.1378 gnorm_G=44.8104 gnorm_D=11.7583 seconds=839.18 images_per_sec=15.10 peak_gb=1.562 nan_inf=0 lr=0.000200
2026-10-05 21:34:14 epoch 8 step 500/6335 G=5.0009 D=0.1499 cycle_a=0.1094 cycle_b=0.1641 id_a=0.1038 id_b=0.1331 gnorm_G=37.2247 gnorm_D=11.3478
2026-10-05 21:35:02 epoch 8 step 1000/6335 G=5.9294 D=0.1237 cycle_a=0.1237 cycle_b=0.1837 id_a=0.1343 id_b=0.1968 gnorm_G=43.9598 gnorm_D=8.0191
2026-10-05 21:35:53 epoch 8 step 1500/6335 G=5.3535 D=0.1055 cycle_a=0.1275 cycle_b=0.1301 id_a=0.1673 id_b=0.1246 gnorm_G=63.5321 gnorm_D=7.4524
2026-10-05 21:36:40 epoch 8 step 2000/6335 G=4.8491 D=0.1771 cycle_a=0.1010 cycle_b=0.1308 id_a=0.1144 id_b=0.1621 gnorm_G=31.1348 gnorm_D=9.6289
2026-10-05 21:37:29 epoch 8 step 2500/6335 G=4.3869 D=0.1819 cycle_a=0.1021 cycle_b=0.1386 id_a=0.1037 id_b=0.1272 gnorm_G=50.1504 gnorm_D=12.9235
2026-10-05 21:38:18 epoch 8 step 3000/6335 G=4.0679 D=0.1829 cycle_a=0.1423 cycle_b=0.0717 id_a=0.1583 id_b=0.0727 gnorm_G=23.4995 gnorm_D=14.1856
2026-10-05 21:39:07 epoch 8 step 3500/6335 G=4.6707 D=0.1694 cycle_a=0.1264 cycle_b=0.1346 id_a=0.1674 id_b=0.1293 gnorm_G=27.7503 gnorm_D=10.4320
2026-10-05 21:39:55 epoch 8 step 4000/6335 G=6.7451 D=0.1049 cycle_a=0.0859 cycle_b=0.3168 id_a=0.0817 id_b=0.4131 gnorm_G=53.1263 gnorm_D=7.9271
2026-10-05 21:40:43 epoch 8 step 4500/6335 G=4.6187 D=0.2198 cycle_a=0.1220 cycle_b=0.1052 id_a=0.1085 id_b=0.1165 gnorm_G=35.5698 gnorm_D=8.5232
2026-10-05 21:41:32 epoch 8 step 5000/6335 G=4.0543 D=0.2080 cycle_a=0.1725 cycle_b=0.0688 id_a=0.1834 id_b=0.0732 gnorm_G=42.9018 gnorm_D=11.8024
2026-10-05 21:42:19 epoch 8 step 5500/6335 G=4.6953 D=0.1216 cycle_a=0.1371 cycle_b=0.1148 id_a=0.1390 id_b=0.1274 gnorm_G=33.9856 gnorm_D=6.4237
2026-10-05 21:43:07 epoch 8 step 6000/6335 G=4.3254 D=0.1350 cycle_a=0.0976 cycle_b=0.1245 id_a=0.2103 id_b=0.0859 gnorm_G=62.0768 gnorm_D=6.4365
2026-10-05 21:43:58 EPOCH 8/50 train_G=4.5664 train_D=0.2206 val_G=4.5629 val_D=0.2647 cycle_a=0.1088 cycle_b=0.1337 gnorm_G=43.5175 gnorm_D=11.5454 seconds=632.16 images_per_sec=20.04 peak_gb=1.562 nan_inf=0 lr=0.000200
2026-10-05 21:44:48 epoch 9 step 500/6335 G=3.9088 D=0.2657 cycle_a=0.0661 cycle_b=0.1754 id_a=0.0619 id_b=0.2098 gnorm_G=36.5221 gnorm_D=13.9269
2026-10-05 21:45:37 epoch 9 step 1000/6335 G=4.7558 D=0.2115 cycle_a=0.1496 cycle_b=0.0997 id_a=0.1509 id_b=0.0753 gnorm_G=31.4081 gnorm_D=7.5124
2026-10-05 21:46:26 epoch 9 step 1500/6335 G=4.3482 D=0.1782 cycle_a=0.1019 cycle_b=0.1406 id_a=0.0831 id_b=0.1492 gnorm_G=63.0888 gnorm_D=8.6106
2026-10-05 21:47:14 epoch 9 step 2000/6335 G=4.4744 D=0.1609 cycle_a=0.1008 cycle_b=0.1314 id_a=0.1225 id_b=0.1714 gnorm_G=33.2518 gnorm_D=6.1962
2026-10-05 21:48:02 epoch 9 step 2500/6335 G=4.1267 D=0.3636 cycle_a=0.1338 cycle_b=0.1321 id_a=0.1628 id_b=0.1971 gnorm_G=19.1052 gnorm_D=17.0287
2026-10-05 21:48:52 epoch 9 step 3000/6335 G=4.0766 D=0.3133 cycle_a=0.1164 cycle_b=0.1142 id_a=0.1140 id_b=0.1153 gnorm_G=38.9213 gnorm_D=10.1917
2026-10-05 21:49:41 epoch 9 step 3500/6335 G=5.0132 D=0.1554 cycle_a=0.1388 cycle_b=0.1420 id_a=0.0918 id_b=0.1425 gnorm_G=63.6884 gnorm_D=6.5313
2026-10-05 21:50:31 epoch 9 step 4000/6335 G=5.0009 D=0.2029 cycle_a=0.0944 cycle_b=0.2046 id_a=0.1067 id_b=0.1732 gnorm_G=47.6264 gnorm_D=12.7163
2026-10-05 21:51:19 epoch 9 step 4500/6335 G=4.2034 D=0.1096 cycle_a=0.0946 cycle_b=0.0992 id_a=0.0928 id_b=0.0877 gnorm_G=34.5298 gnorm_D=6.2149
2026-10-05 21:52:07 epoch 9 step 5000/6335 G=4.2214 D=0.4782 cycle_a=0.0964 cycle_b=0.0760 id_a=0.1010 id_b=0.0737 gnorm_G=44.5391 gnorm_D=24.2190
2026-10-05 21:52:56 epoch 9 step 5500/6335 G=4.3918 D=0.0948 cycle_a=0.1408 cycle_b=0.0939 id_a=0.1626 id_b=0.0876 gnorm_G=30.0675 gnorm_D=7.5459
2026-10-05 21:53:45 epoch 9 step 6000/6335 G=3.9100 D=0.1431 cycle_a=0.0994 cycle_b=0.1039 id_a=0.1137 id_b=0.0880 gnorm_G=51.2587 gnorm_D=8.3252
2026-10-05 21:54:36 EPOCH 9/50 train_G=4.4903 train_D=0.2113 val_G=5.1375 val_D=0.3534 cycle_a=0.1049 cycle_b=0.1306 gnorm_G=42.0236 gnorm_D=11.2435 seconds=636.77 images_per_sec=19.90 peak_gb=1.562 nan_inf=0 lr=0.000200
2026-10-05 21:55:26 epoch 10 step 500/6335 G=4.5655 D=0.2301 cycle_a=0.0921 cycle_b=0.1216 id_a=0.1371 id_b=0.1065 gnorm_G=59.6197 gnorm_D=14.0457
2026-10-05 21:56:15 epoch 10 step 1000/6335 G=5.2114 D=0.0871 cycle_a=0.1204 cycle_b=0.1791 id_a=0.1108 id_b=0.1443 gnorm_G=35.2508 gnorm_D=5.4872
2026-10-05 21:57:03 epoch 10 step 1500/6335 G=5.2094 D=0.4333 cycle_a=0.1155 cycle_b=0.1920 id_a=0.1312 id_b=0.1706 gnorm_G=35.2833 gnorm_D=14.3179
2026-10-05 21:57:52 epoch 10 step 2000/6335 G=4.0790 D=0.1718 cycle_a=0.0900 cycle_b=0.1302 id_a=0.1364 id_b=0.0866 gnorm_G=33.7501 gnorm_D=11.7370
2026-10-05 21:58:39 epoch 10 step 2500/6335 G=4.2952 D=0.1247 cycle_a=0.0828 cycle_b=0.0927 id_a=0.1396 id_b=0.0994 gnorm_G=54.7285 gnorm_D=9.8663
2026-10-05 21:59:28 epoch 10 step 3000/6335 G=4.2695 D=0.1077 cycle_a=0.0820 cycle_b=0.0881 id_a=0.0918 id_b=0.1017 gnorm_G=41.9018 gnorm_D=8.0060
2026-10-05 22:00:18 epoch 10 step 3500/6335 G=4.6346 D=0.0886 cycle_a=0.1176 cycle_b=0.1090 id_a=0.1268 id_b=0.1191 gnorm_G=43.9134 gnorm_D=8.6655
2026-10-05 22:01:06 epoch 10 step 4000/6335 G=4.0160 D=0.1621 cycle_a=0.0527 cycle_b=0.1644 id_a=0.0929 id_b=0.2022 gnorm_G=43.5477 gnorm_D=11.8092
2026-10-05 22:01:57 epoch 10 step 4500/6335 G=3.9522 D=0.1592 cycle_a=0.0782 cycle_b=0.1466 id_a=0.1307 id_b=0.1235 gnorm_G=61.7777 gnorm_D=11.0153
2026-10-05 22:02:46 epoch 10 step 5000/6335 G=4.4911 D=0.2298 cycle_a=0.0686 cycle_b=0.2046 id_a=0.0954 id_b=0.1761 gnorm_G=26.8312 gnorm_D=15.6706
2026-10-05 22:03:35 epoch 10 step 5500/6335 G=4.3097 D=0.2328 cycle_a=0.0689 cycle_b=0.1459 id_a=0.0630 id_b=0.1274 gnorm_G=30.6102 gnorm_D=13.8771
2026-10-05 22:04:24 epoch 10 step 6000/6335 G=4.6489 D=0.1379 cycle_a=0.1584 cycle_b=0.1182 id_a=0.1276 id_b=0.1049 gnorm_G=28.5801 gnorm_D=7.4345
2026-10-05 22:05:18 EPOCH 10/50 train_G=4.4249 train_D=0.2039 val_G=4.8570 val_D=0.3295 cycle_a=0.1016 cycle_b=0.1279 gnorm_G=40.3031 gnorm_D=11.1405 seconds=640.44 images_per_sec=19.78 peak_gb=1.562 nan_inf=0 lr=0.000200
2026-10-05 22:05:19 MILESTONE saved /app/task3_gan_output/checkpoints/generators_epoch_010.pt
2026-10-05 22:06:10 epoch 11 step 500/6335 G=4.4752 D=0.1241 cycle_a=0.0973 cycle_b=0.1663 id_a=0.1348 id_b=0.1131 gnorm_G=41.0763 gnorm_D=7.3429
2026-10-05 22:07:00 epoch 11 step 1000/6335 G=4.3704 D=0.1185 cycle_a=0.1137 cycle_b=0.1147 id_a=0.0854 id_b=0.0786 gnorm_G=49.4092 gnorm_D=8.3308
2026-10-05 22:07:49 epoch 11 step 1500/6335 G=4.0202 D=0.1032 cycle_a=0.0887 cycle_b=0.1098 id_a=0.0732 id_b=0.0862 gnorm_G=37.6961 gnorm_D=6.1403
2026-10-05 22:08:37 epoch 11 step 2000/6335 G=3.9863 D=0.1326 cycle_a=0.0943 cycle_b=0.1160 id_a=0.0971 id_b=0.0893 gnorm_G=48.3065 gnorm_D=7.7018
2026-10-05 22:09:25 epoch 11 step 2500/6335 G=3.4872 D=0.2370 cycle_a=0.0744 cycle_b=0.1070 id_a=0.0599 id_b=0.1279 gnorm_G=38.0800 gnorm_D=10.9522
2026-10-05 22:10:12 epoch 11 step 3000/6335 G=5.1182 D=0.1167 cycle_a=0.1029 cycle_b=0.2072 id_a=0.0699 id_b=0.1685 gnorm_G=35.8281 gnorm_D=10.0254
2026-10-05 22:11:00 epoch 11 step 3500/6335 G=4.5282 D=0.2789 cycle_a=0.1199 cycle_b=0.1218 id_a=0.1519 id_b=0.1241 gnorm_G=44.7947 gnorm_D=13.1647
2026-10-05 22:11:48 epoch 11 step 4000/6335 G=5.8205 D=0.2215 cycle_a=0.1253 cycle_b=0.2199 id_a=0.1890 id_b=0.1497 gnorm_G=48.8100 gnorm_D=10.9462
2026-10-05 22:12:35 epoch 11 step 4500/6335 G=5.3851 D=0.1729 cycle_a=0.1233 cycle_b=0.1143 id_a=0.1181 id_b=0.0705 gnorm_G=63.8375 gnorm_D=15.4379
2026-10-05 22:13:22 epoch 11 step 5000/6335 G=3.6441 D=0.2304 cycle_a=0.0840 cycle_b=0.1057 id_a=0.0549 id_b=0.0971 gnorm_G=37.8421 gnorm_D=8.2810
2026-10-05 22:14:09 epoch 11 step 5500/6335 G=4.7808 D=0.1210 cycle_a=0.1122 cycle_b=0.1187 id_a=0.1337 id_b=0.1015 gnorm_G=39.7593 gnorm_D=9.7529
2026-10-05 22:14:57 epoch 11 step 6000/6335 G=4.7943 D=0.2438 cycle_a=0.1325 cycle_b=0.1281 id_a=0.1493 id_b=0.1084 gnorm_G=36.2195 gnorm_D=15.1112
2026-10-05 22:15:46 EPOCH 11/50 train_G=4.3762 train_D=0.1966 val_G=4.7174 val_D=0.2810 cycle_a=0.0997 cycle_b=0.1254 gnorm_G=38.7677 gnorm_D=10.8496 seconds=626.79 images_per_sec=20.21 peak_gb=1.562 nan_inf=0 lr=0.000200
2026-10-05 22:16:36 epoch 12 step 500/6335 G=3.5188 D=0.2967 cycle_a=0.0852 cycle_b=0.0946 id_a=0.0996 id_b=0.0859 gnorm_G=41.1543 gnorm_D=10.6447
2026-10-05 22:17:26 epoch 12 step 1000/6335 G=3.6764 D=0.1584 cycle_a=0.0680 cycle_b=0.0924 id_a=0.0631 id_b=0.0812 gnorm_G=59.8519 gnorm_D=9.9951
2026-10-05 22:18:14 epoch 12 step 1500/6335 G=3.4631 D=0.1743 cycle_a=0.1019 cycle_b=0.0599 id_a=0.1028 id_b=0.0521 gnorm_G=35.5670 gnorm_D=9.0195
2026-10-05 22:19:03 epoch 12 step 2000/6335 G=3.2390 D=0.1912 cycle_a=0.0600 cycle_b=0.0797 id_a=0.0926 id_b=0.0991 gnorm_G=41.6398 gnorm_D=6.4046
2026-10-05 22:19:52 epoch 12 step 2500/6335 G=3.3345 D=0.1935 cycle_a=0.0690 cycle_b=0.0871 id_a=0.0740 id_b=0.1042 gnorm_G=32.8086 gnorm_D=10.7235
2026-10-05 22:20:40 epoch 12 step 3000/6335 G=4.1145 D=0.1468 cycle_a=0.0995 cycle_b=0.1134 id_a=0.1024 id_b=0.1478 gnorm_G=36.7702 gnorm_D=6.1391
2026-10-05 22:21:29 epoch 12 step 3500/6335 G=4.8147 D=0.1250 cycle_a=0.1472 cycle_b=0.1121 id_a=0.1475 id_b=0.0969 gnorm_G=44.5757 gnorm_D=5.2992
2026-10-05 22:22:17 epoch 12 step 4000/6335 G=6.0684 D=0.4045 cycle_a=0.1108 cycle_b=0.1981 id_a=0.1166 id_b=0.1873 gnorm_G=39.0410 gnorm_D=20.9183
2026-10-05 22:23:05 epoch 12 step 4500/6335 G=5.0710 D=0.2682 cycle_a=0.1661 cycle_b=0.0804 id_a=0.1554 id_b=0.0735 gnorm_G=35.5221 gnorm_D=22.5294
2026-10-05 22:23:56 epoch 12 step 5000/6335 G=4.1182 D=0.2638 cycle_a=0.0673 cycle_b=0.0965 id_a=0.0592 id_b=0.0787 gnorm_G=36.1393 gnorm_D=14.8794
2026-10-05 22:24:45 epoch 12 step 5500/6335 G=5.0507 D=0.1515 cycle_a=0.0860 cycle_b=0.1778 id_a=0.0935 id_b=0.1450 gnorm_G=28.4100 gnorm_D=8.2728
2026-10-05 22:25:34 epoch 12 step 6000/6335 G=3.1991 D=0.1236 cycle_a=0.0862 cycle_b=0.0680 id_a=0.0954 id_b=0.0706 gnorm_G=49.8544 gnorm_D=10.4270
2026-10-05 22:26:24 EPOCH 12/50 train_G=4.3166 train_D=0.1907 val_G=5.2047 val_D=0.4097 cycle_a=0.0967 cycle_b=0.1232 gnorm_G=37.7763 gnorm_D=10.6035 seconds=636.79 images_per_sec=19.90 peak_gb=1.562 nan_inf=0 lr=0.000200
2026-10-05 22:27:18 epoch 13 step 500/6335 G=4.1636 D=0.2181 cycle_a=0.0786 cycle_b=0.1131 id_a=0.0948 id_b=0.1010 gnorm_G=50.7902 gnorm_D=9.5748
2026-10-05 22:28:11 epoch 13 step 1000/6335 G=3.6266 D=0.1380 cycle_a=0.0760 cycle_b=0.1013 id_a=0.1034 id_b=0.0873 gnorm_G=34.6605 gnorm_D=10.0628
2026-10-05 22:29:01 epoch 13 step 1500/6335 G=5.1715 D=0.0892 cycle_a=0.0913 cycle_b=0.1891 id_a=0.0821 id_b=0.1819 gnorm_G=36.7163 gnorm_D=6.0204
2026-10-05 22:29:50 epoch 13 step 2000/6335 G=3.7633 D=0.1287 cycle_a=0.0696 cycle_b=0.1093 id_a=0.0772 id_b=0.1199 gnorm_G=37.3643 gnorm_D=6.9760
2026-10-05 22:30:37 epoch 13 step 2500/6335 G=4.5359 D=0.2008 cycle_a=0.1036 cycle_b=0.0925 id_a=0.1072 id_b=0.0776 gnorm_G=32.6125 gnorm_D=15.4438
2026-10-05 22:31:24 epoch 13 step 3000/6335 G=3.6927 D=0.1788 cycle_a=0.0810 cycle_b=0.0900 id_a=0.0789 id_b=0.1103 gnorm_G=27.6067 gnorm_D=13.5551
2026-10-05 22:32:11 epoch 13 step 3500/6335 G=5.2486 D=0.1443 cycle_a=0.0698 cycle_b=0.1603 id_a=0.0892 id_b=0.1780 gnorm_G=27.5268 gnorm_D=9.8374
2026-10-05 22:32:59 epoch 13 step 4000/6335 G=3.9334 D=0.0777 cycle_a=0.0649 cycle_b=0.1237 id_a=0.0754 id_b=0.1208 gnorm_G=32.6743 gnorm_D=5.7482
2026-10-05 22:33:46 epoch 13 step 4500/6335 G=4.9092 D=0.1455 cycle_a=0.1129 cycle_b=0.1082 id_a=0.1200 id_b=0.0943 gnorm_G=47.3311 gnorm_D=8.9231
2026-10-05 22:34:34 epoch 13 step 5000/6335 G=5.8809 D=0.5589 cycle_a=0.1340 cycle_b=0.1762 id_a=0.1123 id_b=0.1660 gnorm_G=25.6489 gnorm_D=23.5891
2026-10-05 22:35:21 epoch 13 step 5500/6335 G=3.2629 D=0.2675 cycle_a=0.0693 cycle_b=0.1001 id_a=0.1092 id_b=0.0709 gnorm_G=29.9472 gnorm_D=10.6756
2026-10-05 22:36:09 epoch 13 step 6000/6335 G=4.6995 D=0.1687 cycle_a=0.1365 cycle_b=0.1176 id_a=0.1315 id_b=0.1249 gnorm_G=30.2556 gnorm_D=7.7392
2026-10-05 22:36:58 EPOCH 13/50 train_G=4.2706 train_D=0.1894 val_G=5.2844 val_D=0.3199 cycle_a=0.0952 cycle_b=0.1211 gnorm_G=36.4417 gnorm_D=10.5545 seconds=632.95 images_per_sec=20.02 peak_gb=1.562 nan_inf=0 lr=0.000200
2026-10-05 22:37:47 epoch 14 step 500/6335 G=4.2796 D=0.1677 cycle_a=0.1034 cycle_b=0.0877 id_a=0.1186 id_b=0.0791 gnorm_G=51.8720 gnorm_D=9.7216
2026-10-05 22:38:34 epoch 14 step 1000/6335 G=4.2703 D=0.1124 cycle_a=0.0707 cycle_b=0.1295 id_a=0.0632 id_b=0.1082 gnorm_G=39.3596 gnorm_D=6.3289
2026-10-05 22:39:22 epoch 14 step 1500/6335 G=5.0429 D=0.3755 cycle_a=0.0972 cycle_b=0.1828 id_a=0.0917 id_b=0.1742 gnorm_G=39.0345 gnorm_D=11.6825
2026-10-05 22:40:09 epoch 14 step 2000/6335 G=3.9301 D=0.1979 cycle_a=0.0836 cycle_b=0.1137 id_a=0.1077 id_b=0.1211 gnorm_G=24.2099 gnorm_D=9.1175
2026-10-05 22:40:55 epoch 14 step 2500/6335 G=5.9503 D=0.1027 cycle_a=0.1686 cycle_b=0.1314 id_a=0.1556 id_b=0.1488 gnorm_G=41.4554 gnorm_D=8.1409
2026-10-05 22:41:42 epoch 14 step 3000/6335 G=6.1799 D=0.1481 cycle_a=0.0632 cycle_b=0.2879 id_a=0.0978 id_b=0.3342 gnorm_G=27.4175 gnorm_D=11.1087
2026-10-05 22:42:30 epoch 14 step 3500/6335 G=4.4864 D=0.1231 cycle_a=0.1296 cycle_b=0.1231 id_a=0.1171 id_b=0.0709 gnorm_G=24.0577 gnorm_D=11.2956
2026-10-05 22:43:17 epoch 14 step 4000/6335 G=4.5331 D=0.3250 cycle_a=0.1165 cycle_b=0.1342 id_a=0.1076 id_b=0.1472 gnorm_G=25.6341 gnorm_D=11.9667
2026-10-05 22:44:04 epoch 14 step 4500/6335 G=3.5147 D=0.1338 cycle_a=0.0625 cycle_b=0.0891 id_a=0.1012 id_b=0.0838 gnorm_G=38.0963 gnorm_D=7.4019
2026-10-05 22:44:52 epoch 14 step 5000/6335 G=4.0878 D=0.2458 cycle_a=0.1073 cycle_b=0.1098 id_a=0.0890 id_b=0.0830 gnorm_G=30.4709 gnorm_D=7.2784
2026-10-05 22:45:40 epoch 14 step 5500/6335 G=4.4840 D=0.0943 cycle_a=0.0928 cycle_b=0.1351 id_a=0.1163 id_b=0.1040 gnorm_G=31.3438 gnorm_D=9.7974
2026-10-05 22:46:30 epoch 14 step 6000/6335 G=5.2922 D=0.1673 cycle_a=0.0789 cycle_b=0.1234 id_a=0.0879 id_b=0.0723 gnorm_G=87.1823 gnorm_D=16.2297
2026-10-05 22:47:24 EPOCH 14/50 train_G=4.2188 train_D=0.1877 val_G=5.2806 val_D=0.4318 cycle_a=0.0933 cycle_b=0.1194 gnorm_G=35.7764 gnorm_D=10.4330 seconds=624.16 images_per_sec=20.30 peak_gb=1.562 nan_inf=0 lr=0.000200
2026-10-05 22:48:14 epoch 15 step 500/6335 G=4.8335 D=0.1279 cycle_a=0.1076 cycle_b=0.1649 id_a=0.1922 id_b=0.1486 gnorm_G=30.7959 gnorm_D=7.5725
2026-10-05 22:49:02 epoch 15 step 1000/6335 G=4.6610 D=0.1076 cycle_a=0.1099 cycle_b=0.1135 id_a=0.0807 id_b=0.0962 gnorm_G=42.4730 gnorm_D=7.0911
2026-10-05 22:49:51 epoch 15 step 1500/6335 G=4.8897 D=0.3211 cycle_a=0.1011 cycle_b=0.1342 id_a=0.1005 id_b=0.1490 gnorm_G=30.6404 gnorm_D=11.4114
2026-10-05 22:50:39 epoch 15 step 2000/6335 G=3.5503 D=0.1623 cycle_a=0.0877 cycle_b=0.0749 id_a=0.1494 id_b=0.0665 gnorm_G=53.4684 gnorm_D=11.4646
2026-10-05 22:51:27 epoch 15 step 2500/6335 G=4.1115 D=0.1040 cycle_a=0.0581 cycle_b=0.1064 id_a=0.0726 id_b=0.1024 gnorm_G=34.6448 gnorm_D=8.3017
2026-10-05 22:52:16 epoch 15 step 3000/6335 G=3.7952 D=0.3457 cycle_a=0.0883 cycle_b=0.1085 id_a=0.0659 id_b=0.1421 gnorm_G=35.1836 gnorm_D=16.8888
2026-10-05 22:53:04 epoch 15 step 3500/6335 G=5.8881 D=0.2490 cycle_a=0.1113 cycle_b=0.2350 id_a=0.1093 id_b=0.2312 gnorm_G=30.6946 gnorm_D=10.9904
2026-10-05 22:53:54 epoch 15 step 4000/6335 G=4.7433 D=0.4253 cycle_a=0.1644 cycle_b=0.1419 id_a=0.1493 id_b=0.1211 gnorm_G=25.2419 gnorm_D=19.4847
2026-10-05 22:54:42 epoch 15 step 4500/6335 G=4.4223 D=0.0829 cycle_a=0.1043 cycle_b=0.1243 id_a=0.0728 id_b=0.1244 gnorm_G=31.3152 gnorm_D=4.9175
2026-10-05 22:55:31 epoch 15 step 5000/6335 G=3.7525 D=0.2110 cycle_a=0.0921 cycle_b=0.1087 id_a=0.0929 id_b=0.0898 gnorm_G=26.9549 gnorm_D=14.7078
2026-10-05 22:56:20 epoch 15 step 5500/6335 G=4.3281 D=0.1486 cycle_a=0.1136 cycle_b=0.1142 id_a=0.1059 id_b=0.0959 gnorm_G=25.7452 gnorm_D=6.4979
2026-10-05 22:57:10 epoch 15 step 6000/6335 G=2.8747 D=0.3351 cycle_a=0.0870 cycle_b=0.0957 id_a=0.0740 id_b=0.0671 gnorm_G=25.7698 gnorm_D=14.8616
2026-10-05 22:58:04 EPOCH 15/50 train_G=4.1744 train_D=0.1825 val_G=5.8965 val_D=0.6619 cycle_a=0.0917 cycle_b=0.1171 gnorm_G=34.5778 gnorm_D=10.2269 seconds=638.52 images_per_sec=19.84 peak_gb=1.562 nan_inf=0 lr=0.000200
2026-10-05 22:58:57 epoch 16 step 500/6335 G=4.7366 D=0.1083 cycle_a=0.1337 cycle_b=0.1094 id_a=0.1768 id_b=0.0702 gnorm_G=39.7853 gnorm_D=6.8800
2026-10-05 22:59:50 epoch 16 step 1000/6335 G=3.7496 D=0.1155 cycle_a=0.0863 cycle_b=0.0842 id_a=0.1322 id_b=0.0712 gnorm_G=51.3831 gnorm_D=12.7810
2026-10-05 23:00:40 epoch 16 step 1500/6335 G=3.7651 D=0.1750 cycle_a=0.0762 cycle_b=0.0700 id_a=0.0588 id_b=0.0721 gnorm_G=29.9600 gnorm_D=11.4470
2026-10-05 23:01:31 epoch 16 step 2000/6335 G=5.1742 D=0.1162 cycle_a=0.1083 cycle_b=0.1269 id_a=0.1045 id_b=0.0882 gnorm_G=50.3980 gnorm_D=12.4824
2026-10-05 23:02:23 epoch 16 step 2500/6335 G=5.1466 D=0.3062 cycle_a=0.1074 cycle_b=0.0935 id_a=0.0931 id_b=0.1240 gnorm_G=43.1695 gnorm_D=18.0030
2026-10-05 23:03:12 epoch 16 step 3000/6335 G=3.1437 D=0.1999 cycle_a=0.0802 cycle_b=0.0918 id_a=0.0680 id_b=0.0762 gnorm_G=29.1042 gnorm_D=10.4899
2026-10-05 23:04:00 epoch 16 step 3500/6335 G=3.9861 D=0.1368 cycle_a=0.1020 cycle_b=0.0674 id_a=0.0725 id_b=0.0636 gnorm_G=21.9765 gnorm_D=9.0634
2026-10-05 23:04:49 epoch 16 step 4000/6335 G=3.9937 D=0.1657 cycle_a=0.0782 cycle_b=0.0906 id_a=0.0815 id_b=0.0834 gnorm_G=36.6978 gnorm_D=8.4226
2026-10-05 23:05:38 epoch 16 step 4500/6335 G=3.2936 D=0.1323 cycle_a=0.0967 cycle_b=0.0683 id_a=0.1026 id_b=0.0606 gnorm_G=30.7635 gnorm_D=6.5380
2026-10-05 23:06:29 epoch 16 step 5000/6335 G=3.3357 D=0.1530 cycle_a=0.0764 cycle_b=0.0986 id_a=0.0697 id_b=0.0858 gnorm_G=27.6325 gnorm_D=8.3253
2026-10-05 23:07:18 epoch 16 step 5500/6335 G=3.3569 D=0.2643 cycle_a=0.0629 cycle_b=0.0899 id_a=0.0908 id_b=0.1162 gnorm_G=27.8220 gnorm_D=9.7172
2026-10-05 23:08:08 epoch 16 step 6000/6335 G=5.0126 D=0.2032 cycle_a=0.0854 cycle_b=0.1998 id_a=0.0912 id_b=0.2119 gnorm_G=31.0297 gnorm_D=7.7457
2026-10-05 23:09:00 EPOCH 16/50 train_G=4.1343 train_D=0.1801 val_G=4.9135 val_D=0.3839 cycle_a=0.0902 cycle_b=0.1155 gnorm_G=33.9036 gnorm_D=10.0924 seconds=654.54 images_per_sec=19.36 peak_gb=1.562 nan_inf=0 lr=0.000200
2026-10-05 23:09:51 epoch 17 step 500/6335 G=4.1827 D=0.1056 cycle_a=0.0744 cycle_b=0.1217 id_a=0.0623 id_b=0.0819 gnorm_G=32.4046 gnorm_D=7.7043
2026-10-05 23:10:40 epoch 17 step 1000/6335 G=3.5966 D=0.2160 cycle_a=0.0907 cycle_b=0.0975 id_a=0.0813 id_b=0.0823 gnorm_G=44.5974 gnorm_D=11.1408
2026-10-05 23:11:28 epoch 17 step 1500/6335 G=5.0153 D=0.1597 cycle_a=0.1073 cycle_b=0.1566 id_a=0.0815 id_b=0.1532 gnorm_G=29.2984 gnorm_D=9.4020
2026-10-05 23:12:15 epoch 17 step 2000/6335 G=3.3214 D=0.2569 cycle_a=0.0877 cycle_b=0.1100 id_a=0.0771 id_b=0.0945 gnorm_G=17.7704 gnorm_D=13.8481
2026-10-05 23:13:05 epoch 17 step 2500/6335 G=4.5860 D=0.1513 cycle_a=0.1015 cycle_b=0.1032 id_a=0.0907 id_b=0.0536 gnorm_G=33.9763 gnorm_D=10.2280
2026-10-05 23:13:53 epoch 17 step 3000/6335 G=3.5327 D=0.1501 cycle_a=0.0981 cycle_b=0.0966 id_a=0.0975 id_b=0.0900 gnorm_G=31.3088 gnorm_D=6.6513
2026-10-05 23:14:41 epoch 17 step 3500/6335 G=3.3941 D=0.1258 cycle_a=0.0651 cycle_b=0.0744 id_a=0.0555 id_b=0.0591 gnorm_G=30.8184 gnorm_D=9.5990
2026-10-05 23:15:30 epoch 17 step 4000/6335 G=5.1261 D=0.2612 cycle_a=0.1054 cycle_b=0.1817 id_a=0.1307 id_b=0.1324 gnorm_G=31.2474 gnorm_D=14.0534
2026-10-05 23:16:19 epoch 17 step 4500/6335 G=3.2316 D=0.2470 cycle_a=0.0856 cycle_b=0.0779 id_a=0.1135 id_b=0.0705 gnorm_G=36.5262 gnorm_D=18.4193
2026-10-05 23:17:07 epoch 17 step 5000/6335 G=3.9197 D=0.2818 cycle_a=0.0958 cycle_b=0.1221 id_a=0.0838 id_b=0.0813 gnorm_G=25.2758 gnorm_D=15.0603
2026-10-05 23:17:55 epoch 17 step 5500/6335 G=3.0203 D=0.2193 cycle_a=0.0738 cycle_b=0.0930 id_a=0.0630 id_b=0.0637 gnorm_G=24.4224 gnorm_D=12.1277
2026-10-05 23:18:44 epoch 17 step 6000/6335 G=3.7433 D=0.1253 cycle_a=0.0499 cycle_b=0.1453 id_a=0.0728 id_b=0.1230 gnorm_G=35.6057 gnorm_D=7.7962
2026-10-05 23:19:34 EPOCH 17/50 train_G=4.1122 train_D=0.1781 val_G=5.3129 val_D=0.4557 cycle_a=0.0898 cycle_b=0.1142 gnorm_G=33.4106 gnorm_D=9.9893 seconds=633.18 images_per_sec=20.01 peak_gb=1.562 nan_inf=0 lr=0.000200
2026-10-05 23:20:24 epoch 18 step 500/6335 G=3.3409 D=0.1921 cycle_a=0.1018 cycle_b=0.0891 id_a=0.0868 id_b=0.0613 gnorm_G=29.6612 gnorm_D=8.6386
2026-10-05 23:21:12 epoch 18 step 1000/6335 G=2.9533 D=0.3964 cycle_a=0.1081 cycle_b=0.0868 id_a=0.0913 id_b=0.0589 gnorm_G=15.5877 gnorm_D=12.4242
2026-10-05 23:22:01 epoch 18 step 1500/6335 G=4.4419 D=0.0873 cycle_a=0.0596 cycle_b=0.1746 id_a=0.0521 id_b=0.1551 gnorm_G=43.2324 gnorm_D=5.1762
2026-10-05 23:22:50 epoch 18 step 2000/6335 G=4.5905 D=0.3128 cycle_a=0.0886 cycle_b=0.1146 id_a=0.0818 id_b=0.1402 gnorm_G=27.4955 gnorm_D=23.8328
2026-10-05 23:23:39 epoch 18 step 2500/6335 G=4.9962 D=0.1865 cycle_a=0.1250 cycle_b=0.0858 id_a=0.1231 id_b=0.0591 gnorm_G=67.2501 gnorm_D=14.2636
2026-10-05 23:24:27 epoch 18 step 3000/6335 G=4.5363 D=0.1459 cycle_a=0.1142 cycle_b=0.1237 id_a=0.1110 id_b=0.0893 gnorm_G=31.6310 gnorm_D=12.2627
2026-10-05 23:25:15 epoch 18 step 3500/6335 G=4.6930 D=0.1491 cycle_a=0.0782 cycle_b=0.1759 id_a=0.0749 id_b=0.0907 gnorm_G=37.9511 gnorm_D=10.8429
2026-10-05 23:26:03 epoch 18 step 4000/6335 G=4.0282 D=0.2432 cycle_a=0.0830 cycle_b=0.0963 id_a=0.0601 id_b=0.0865 gnorm_G=22.3361 gnorm_D=8.5677
2026-10-05 23:26:52 epoch 18 step 4500/6335 G=5.3069 D=0.1324 cycle_a=0.1254 cycle_b=0.2073 id_a=0.1249 id_b=0.1787 gnorm_G=33.8628 gnorm_D=8.9313
2026-10-05 23:27:45 epoch 18 step 5000/6335 G=3.2422 D=0.1372 cycle_a=0.0705 cycle_b=0.0731 id_a=0.0494 id_b=0.0949 gnorm_G=26.0317 gnorm_D=6.2950
2026-10-05 23:28:36 epoch 18 step 5500/6335 G=3.4837 D=0.1201 cycle_a=0.0984 cycle_b=0.0657 id_a=0.0825 id_b=0.0636 gnorm_G=35.5238 gnorm_D=7.4140
2026-10-05 23:29:24 epoch 18 step 6000/6335 G=4.0979 D=0.2207 cycle_a=0.0609 cycle_b=0.1025 id_a=0.0804 id_b=0.0947 gnorm_G=39.4909 gnorm_D=10.2809
2026-10-05 23:30:15 EPOCH 18/50 train_G=4.0776 train_D=0.1756 val_G=5.2650 val_D=0.4107 cycle_a=0.0886 cycle_b=0.1124 gnorm_G=32.9995 gnorm_D=9.9256 seconds=639.37 images_per_sec=19.82 peak_gb=1.562 nan_inf=0 lr=0.000200
2026-10-05 23:31:04 epoch 19 step 500/6335 G=4.3693 D=0.1202 cycle_a=0.0902 cycle_b=0.1181 id_a=0.0909 id_b=0.0846 gnorm_G=49.6424 gnorm_D=8.0791
2026-10-05 23:31:53 epoch 19 step 1000/6335 G=3.5241 D=0.2255 cycle_a=0.0779 cycle_b=0.1299 id_a=0.0718 id_b=0.0751 gnorm_G=23.8918 gnorm_D=19.6402
2026-10-05 23:32:42 epoch 19 step 1500/6335 G=4.5734 D=0.1548 cycle_a=0.1126 cycle_b=0.1299 id_a=0.0863 id_b=0.1305 gnorm_G=23.1393 gnorm_D=4.9514
2026-10-05 23:33:32 epoch 19 step 2000/6335 G=4.5786 D=0.2396 cycle_a=0.0820 cycle_b=0.1126 id_a=0.0809 id_b=0.1166 gnorm_G=42.1444 gnorm_D=16.2772
2026-10-05 23:34:21 epoch 19 step 2500/6335 G=3.1824 D=0.0736 cycle_a=0.0530 cycle_b=0.0682 id_a=0.0763 id_b=0.0653 gnorm_G=25.9932 gnorm_D=6.5814
2026-10-05 23:35:11 epoch 19 step 3000/6335 G=3.8111 D=0.1397 cycle_a=0.1046 cycle_b=0.0773 id_a=0.0810 id_b=0.0573 gnorm_G=26.3268 gnorm_D=6.0062
2026-10-05 23:35:59 epoch 19 step 3500/6335 G=3.8350 D=0.1773 cycle_a=0.0843 cycle_b=0.0917 id_a=0.0786 id_b=0.0939 gnorm_G=26.6738 gnorm_D=6.8096
2026-10-05 23:36:46 epoch 19 step 4000/6335 G=3.7883 D=0.2950 cycle_a=0.0778 cycle_b=0.0997 id_a=0.0660 id_b=0.0717 gnorm_G=31.1853 gnorm_D=14.9312
2026-10-05 23:37:33 epoch 19 step 4500/6335 G=3.6916 D=0.1997 cycle_a=0.0837 cycle_b=0.0706 id_a=0.0614 id_b=0.0454 gnorm_G=27.3058 gnorm_D=13.7483
2026-10-05 23:38:20 epoch 19 step 5000/6335 G=3.8212 D=0.1170 cycle_a=0.0732 cycle_b=0.0775 id_a=0.0997 id_b=0.0758 gnorm_G=38.9518 gnorm_D=6.5871
2026-10-05 23:39:07 epoch 19 step 5500/6335 G=2.5845 D=0.1508 cycle_a=0.0515 cycle_b=0.0678 id_a=0.0845 id_b=0.0647 gnorm_G=20.8277 gnorm_D=9.8331
2026-10-05 23:39:54 epoch 19 step 6000/6335 G=3.4348 D=0.1923 cycle_a=0.0876 cycle_b=0.0759 id_a=0.0789 id_b=0.0681 gnorm_G=50.9234 gnorm_D=8.0630
2026-10-05 23:40:44 EPOCH 19/50 train_G=4.0625 train_D=0.1733 val_G=5.4630 val_D=0.4434 cycle_a=0.0884 cycle_b=0.1113 gnorm_G=32.5552 gnorm_D=9.8509 seconds=628.08 images_per_sec=20.17 peak_gb=1.562 nan_inf=0 lr=0.000200
2026-10-05 23:41:32 epoch 20 step 500/6335 G=3.5611 D=0.1556 cycle_a=0.1203 cycle_b=0.0673 id_a=0.0949 id_b=0.0534 gnorm_G=24.9982 gnorm_D=10.9388
2026-10-05 23:42:19 epoch 20 step 1000/6335 G=4.1047 D=0.1182 cycle_a=0.1168 cycle_b=0.1126 id_a=0.0827 id_b=0.0834 gnorm_G=29.0416 gnorm_D=5.4027
2026-10-05 23:43:06 epoch 20 step 1500/6335 G=4.4305 D=0.1011 cycle_a=0.0902 cycle_b=0.1445 id_a=0.0889 id_b=0.0912 gnorm_G=48.0546 gnorm_D=8.6162
2026-10-05 23:43:53 epoch 20 step 2000/6335 G=3.0184 D=0.1038 cycle_a=0.0756 cycle_b=0.0490 id_a=0.0526 id_b=0.0434 gnorm_G=22.3034 gnorm_D=7.5037
2026-10-05 23:44:40 epoch 20 step 2500/6335 G=3.6823 D=0.0692 cycle_a=0.0644 cycle_b=0.1007 id_a=0.0705 id_b=0.0793 gnorm_G=50.0798 gnorm_D=4.5011
2026-10-05 23:45:28 epoch 20 step 3000/6335 G=3.3300 D=0.1858 cycle_a=0.0643 cycle_b=0.0799 id_a=0.0659 id_b=0.0792 gnorm_G=20.7092 gnorm_D=14.9625
2026-10-05 23:46:16 epoch 20 step 3500/6335 G=3.8661 D=0.1212 cycle_a=0.0969 cycle_b=0.0728 id_a=0.0591 id_b=0.0729 gnorm_G=25.0349 gnorm_D=10.0314
2026-10-05 23:47:05 epoch 20 step 4000/6335 G=4.9608 D=0.2391 cycle_a=0.1032 cycle_b=0.1356 id_a=0.0767 id_b=0.0919 gnorm_G=51.2375 gnorm_D=14.4165
2026-10-05 23:47:54 epoch 20 step 4500/6335 G=4.6683 D=0.0763 cycle_a=0.0886 cycle_b=0.0971 id_a=0.0708 id_b=0.1444 gnorm_G=34.4602 gnorm_D=8.0787
2026-10-05 23:48:41 epoch 20 step 5000/6335 G=3.6745 D=0.1393 cycle_a=0.0595 cycle_b=0.1063 id_a=0.0715 id_b=0.0807 gnorm_G=41.1673 gnorm_D=9.7040
2026-10-05 23:49:29 epoch 20 step 5500/6335 G=3.7149 D=0.3292 cycle_a=0.1069 cycle_b=0.0793 id_a=0.1070 id_b=0.0611 gnorm_G=37.4805 gnorm_D=14.1105
2026-10-05 23:50:17 epoch 20 step 6000/6335 G=4.2980 D=0.3705 cycle_a=0.1005 cycle_b=0.1196 id_a=0.0710 id_b=0.0919 gnorm_G=26.3475 gnorm_D=18.8268
2026-10-05 23:51:07 EPOCH 20/50 train_G=4.0442 train_D=0.1710 val_G=5.3596 val_D=0.3639 cycle_a=0.0876 cycle_b=0.1101 gnorm_G=31.9988 gnorm_D=9.8344 seconds=621.72 images_per_sec=20.38 peak_gb=1.562 nan_inf=0 lr=0.000200
2026-10-05 23:51:09 MILESTONE saved /app/task3_gan_output/checkpoints/generators_epoch_020.pt
2026-10-05 23:51:57 epoch 21 step 500/6335 G=3.7179 D=0.0987 cycle_a=0.0931 cycle_b=0.0880 id_a=0.0759 id_b=0.0847 gnorm_G=23.3179 gnorm_D=4.8228
2026-10-05 23:52:46 epoch 21 step 1000/6335 G=3.0935 D=0.1490 cycle_a=0.0732 cycle_b=0.0694 id_a=0.0559 id_b=0.0691 gnorm_G=26.2487 gnorm_D=5.7175
2026-10-05 23:53:35 epoch 21 step 1500/6335 G=4.7684 D=0.1537 cycle_a=0.0903 cycle_b=0.1650 id_a=0.0952 id_b=0.0955 gnorm_G=39.1861 gnorm_D=7.6779
2026-10-05 23:54:23 epoch 21 step 2000/6335 G=4.6573 D=0.0883 cycle_a=0.0924 cycle_b=0.1445 id_a=0.0777 id_b=0.0676 gnorm_G=33.0735 gnorm_D=5.1504
2026-10-05 23:55:11 epoch 21 step 2500/6335 G=3.7197 D=0.2292 cycle_a=0.1103 cycle_b=0.0654 id_a=0.0903 id_b=0.0576 gnorm_G=16.7822 gnorm_D=10.5863
2026-10-05 23:55:59 epoch 21 step 3000/6335 G=4.5245 D=0.1702 cycle_a=0.0741 cycle_b=0.1213 id_a=0.0712 id_b=0.0913 gnorm_G=36.1644 gnorm_D=11.2778
2026-10-05 23:56:46 epoch 21 step 3500/6335 G=4.0937 D=0.1627 cycle_a=0.0680 cycle_b=0.1109 id_a=0.0786 id_b=0.0852 gnorm_G=26.8259 gnorm_D=7.3410
2026-10-05 23:57:33 epoch 21 step 4000/6335 G=3.9402 D=0.2605 cycle_a=0.0829 cycle_b=0.0603 id_a=0.1142 id_b=0.1617 gnorm_G=27.3771 gnorm_D=12.1697
2026-10-05 23:58:22 epoch 21 step 4500/6335 G=4.2465 D=0.1839 cycle_a=0.0873 cycle_b=0.1542 id_a=0.0999 id_b=0.1011 gnorm_G=35.3482 gnorm_D=13.7185
2026-10-05 23:59:10 epoch 21 step 5000/6335 G=3.7586 D=0.1765 cycle_a=0.0931 cycle_b=0.0730 id_a=0.0784 id_b=0.0641 gnorm_G=43.7484 gnorm_D=9.8533
2026-10-05 23:59:58 epoch 21 step 5500/6335 G=3.5072 D=0.1724 cycle_a=0.0788 cycle_b=0.0702 id_a=0.0746 id_b=0.0753 gnorm_G=36.1064 gnorm_D=9.9683
2026-10-06 00:00:46 epoch 21 step 6000/6335 G=3.4325 D=0.1138 cycle_a=0.0955 cycle_b=0.0684 id_a=0.0626 id_b=0.0642 gnorm_G=18.5452 gnorm_D=7.2641
2026-10-06 00:01:36 EPOCH 21/50 train_G=4.0013 train_D=0.1718 val_G=5.0020 val_D=0.5110 cycle_a=0.0869 cycle_b=0.1083 gnorm_G=31.3869 gnorm_D=9.7770 seconds=626.91 images_per_sec=20.21 peak_gb=1.562 nan_inf=0 lr=0.000200
2026-10-06 00:02:24 epoch 22 step 500/6335 G=4.4039 D=0.1901 cycle_a=0.0830 cycle_b=0.1482 id_a=0.0834 id_b=0.1331 gnorm_G=38.2839 gnorm_D=15.6435
2026-10-06 00:03:12 epoch 22 step 1000/6335 G=4.2732 D=0.2614 cycle_a=0.1383 cycle_b=0.1327 id_a=0.1105 id_b=0.1038 gnorm_G=20.0299 gnorm_D=13.0441
2026-10-06 00:03:59 epoch 22 step 1500/6335 G=4.0433 D=0.1708 cycle_a=0.1233 cycle_b=0.0926 id_a=0.1045 id_b=0.0716 gnorm_G=14.6444 gnorm_D=5.9854
2026-10-06 00:04:48 epoch 22 step 2000/6335 G=4.3759 D=0.1167 cycle_a=0.0926 cycle_b=0.1000 id_a=0.0801 id_b=0.0830 gnorm_G=37.9521 gnorm_D=10.8330
2026-10-06 00:05:34 epoch 22 step 2500/6335 G=4.1134 D=0.1833 cycle_a=0.0953 cycle_b=0.0856 id_a=0.0884 id_b=0.0811 gnorm_G=32.1259 gnorm_D=8.6543
2026-10-06 00:06:21 epoch 22 step 3000/6335 G=3.5335 D=0.2294 cycle_a=0.0979 cycle_b=0.1118 id_a=0.0772 id_b=0.1037 gnorm_G=26.8447 gnorm_D=12.7858
2026-10-06 00:07:09 epoch 22 step 3500/6335 G=3.1739 D=0.1921 cycle_a=0.0609 cycle_b=0.0732 id_a=0.0718 id_b=0.0660 gnorm_G=52.8433 gnorm_D=11.9325
2026-10-06 00:07:56 epoch 22 step 4000/6335 G=3.6110 D=0.2517 cycle_a=0.0806 cycle_b=0.0932 id_a=0.0656 id_b=0.0429 gnorm_G=42.5111 gnorm_D=14.2532
2026-10-06 00:08:44 epoch 22 step 4500/6335 G=5.1651 D=0.0930 cycle_a=0.1116 cycle_b=0.1362 id_a=0.0949 id_b=0.1013 gnorm_G=33.8705 gnorm_D=6.7985
2026-10-06 00:09:33 epoch 22 step 5000/6335 G=3.1425 D=0.1711 cycle_a=0.0724 cycle_b=0.0780 id_a=0.0592 id_b=0.0579 gnorm_G=29.6839 gnorm_D=13.1821
2026-10-06 00:10:21 epoch 22 step 5500/6335 G=4.3861 D=0.1068 cycle_a=0.0986 cycle_b=0.1374 id_a=0.0780 id_b=0.1435 gnorm_G=19.0325 gnorm_D=4.9853
2026-10-06 00:11:08 epoch 22 step 6000/6335 G=3.9141 D=0.1487 cycle_a=0.0971 cycle_b=0.1221 id_a=0.0826 id_b=0.1026 gnorm_G=30.1189 gnorm_D=8.6841
2026-10-06 00:11:57 EPOCH 22/50 train_G=3.9921 train_D=0.1701 val_G=5.2350 val_D=0.4631 cycle_a=0.0863 cycle_b=0.1076 gnorm_G=30.7228 gnorm_D=9.7507 seconds=620.54 images_per_sec=20.42 peak_gb=1.562 nan_inf=0 lr=0.000200
2026-10-06 00:12:47 epoch 23 step 500/6335 G=4.9894 D=0.1809 cycle_a=0.0921 cycle_b=0.1693 id_a=0.0762 id_b=0.1244 gnorm_G=24.1184 gnorm_D=9.4194
2026-10-06 00:13:34 epoch 23 step 1000/6335 G=3.8801 D=0.1616 cycle_a=0.1025 cycle_b=0.1323 id_a=0.0908 id_b=0.0843 gnorm_G=33.6745 gnorm_D=9.0753
2026-10-06 00:14:22 epoch 23 step 1500/6335 G=3.9240 D=0.1953 cycle_a=0.0844 cycle_b=0.1403 id_a=0.0602 id_b=0.1217 gnorm_G=23.6899 gnorm_D=7.1605
2026-10-06 00:15:10 epoch 23 step 2000/6335 G=4.4152 D=0.1499 cycle_a=0.0949 cycle_b=0.1269 id_a=0.0677 id_b=0.1192 gnorm_G=47.1714 gnorm_D=11.0967
2026-10-06 00:15:58 epoch 23 step 2500/6335 G=4.1097 D=0.0948 cycle_a=0.1421 cycle_b=0.0598 id_a=0.0983 id_b=0.0756 gnorm_G=21.3850 gnorm_D=5.7210
2026-10-06 00:16:47 epoch 23 step 3000/6335 G=3.9073 D=0.1515 cycle_a=0.0885 cycle_b=0.0785 id_a=0.0779 id_b=0.0682 gnorm_G=26.7897 gnorm_D=8.0404
2026-10-06 00:17:36 epoch 23 step 3500/6335 G=4.0808 D=0.1563 cycle_a=0.0757 cycle_b=0.1526 id_a=0.0630 id_b=0.0895 gnorm_G=35.2045 gnorm_D=8.1266
2026-10-06 00:18:25 epoch 23 step 4000/6335 G=3.5989 D=0.1386 cycle_a=0.0967 cycle_b=0.0343 id_a=0.0532 id_b=0.0253 gnorm_G=24.9165 gnorm_D=9.0551
2026-10-06 00:19:14 epoch 23 step 4500/6335 G=4.9891 D=0.1331 cycle_a=0.0882 cycle_b=0.1600 id_a=0.0780 id_b=0.1466 gnorm_G=42.3680 gnorm_D=8.7502
2026-10-06 00:20:02 epoch 23 step 5000/6335 G=4.1473 D=0.1186 cycle_a=0.0437 cycle_b=0.1476 id_a=0.0444 id_b=0.1338 gnorm_G=28.1169 gnorm_D=7.7346
2026-10-06 00:20:52 epoch 23 step 5500/6335 G=3.8140 D=0.1089 cycle_a=0.0689 cycle_b=0.0983 id_a=0.0495 id_b=0.0480 gnorm_G=32.3614 gnorm_D=8.0707
2026-10-06 00:21:41 epoch 23 step 6000/6335 G=3.2148 D=0.1153 cycle_a=0.0656 cycle_b=0.0736 id_a=0.0621 id_b=0.0640 gnorm_G=50.8232 gnorm_D=6.2481
2026-10-06 00:22:32 EPOCH 23/50 train_G=3.9667 train_D=0.1682 val_G=6.3642 val_D=0.7041 cycle_a=0.0857 cycle_b=0.1067 gnorm_G=30.5033 gnorm_D=9.6466 seconds=633.58 images_per_sec=20.00 peak_gb=1.562 nan_inf=0 lr=0.000200
2026-10-06 00:23:24 epoch 24 step 500/6335 G=4.0469 D=0.1366 cycle_a=0.1043 cycle_b=0.1170 id_a=0.0795 id_b=0.0981 gnorm_G=41.8261 gnorm_D=8.5666
2026-10-06 00:24:13 epoch 24 step 1000/6335 G=3.9041 D=0.1998 cycle_a=0.0418 cycle_b=0.1474 id_a=0.0613 id_b=0.1210 gnorm_G=40.2050 gnorm_D=9.3100
2026-10-06 00:25:01 epoch 24 step 1500/6335 G=3.9833 D=0.1720 cycle_a=0.0720 cycle_b=0.1384 id_a=0.0660 id_b=0.1147 gnorm_G=27.6313 gnorm_D=12.8748
2026-10-06 00:25:50 epoch 24 step 2000/6335 G=4.5971 D=0.2424 cycle_a=0.1021 cycle_b=0.1736 id_a=0.0786 id_b=0.1288 gnorm_G=32.0156 gnorm_D=11.8793
2026-10-06 00:26:39 epoch 24 step 2500/6335 G=3.8505 D=0.1921 cycle_a=0.0790 cycle_b=0.0877 id_a=0.0605 id_b=0.0743 gnorm_G=33.9392 gnorm_D=14.8477
2026-10-06 00:27:28 epoch 24 step 3000/6335 G=3.7401 D=0.2199 cycle_a=0.0819 cycle_b=0.0868 id_a=0.0743 id_b=0.2144 gnorm_G=16.6442 gnorm_D=9.4177
2026-10-06 00:28:16 epoch 24 step 3500/6335 G=5.1001 D=0.3066 cycle_a=0.0969 cycle_b=0.1647 id_a=0.0812 id_b=0.1406 gnorm_G=49.7976 gnorm_D=15.7280
2026-10-06 00:29:05 epoch 24 step 4000/6335 G=4.4587 D=0.0657 cycle_a=0.0799 cycle_b=0.1033 id_a=0.0836 id_b=0.1359 gnorm_G=36.0556 gnorm_D=8.6460
2026-10-06 00:29:54 epoch 24 step 4500/6335 G=4.8024 D=0.4495 cycle_a=0.0951 cycle_b=0.1381 id_a=0.0769 id_b=0.1199 gnorm_G=25.1436 gnorm_D=15.8419
2026-10-06 00:30:43 epoch 24 step 5000/6335 G=3.3185 D=0.2496 cycle_a=0.1125 cycle_b=0.0553 id_a=0.0758 id_b=0.0719 gnorm_G=21.9138 gnorm_D=6.4752
2026-10-06 00:31:30 epoch 24 step 5500/6335 G=4.2378 D=0.1399 cycle_a=0.1126 cycle_b=0.0804 id_a=0.0926 id_b=0.0772 gnorm_G=18.3109 gnorm_D=9.3533
2026-10-06 00:32:19 epoch 24 step 6000/6335 G=3.9411 D=0.1969 cycle_a=0.1352 cycle_b=0.0881 id_a=0.1088 id_b=0.0547 gnorm_G=19.1748 gnorm_D=8.1848
2026-10-06 00:33:09 EPOCH 24/50 train_G=3.9453 train_D=0.1685 val_G=5.4806 val_D=0.5710 cycle_a=0.0853 cycle_b=0.1054 gnorm_G=29.9759 gnorm_D=9.6213 seconds=635.38 images_per_sec=19.94 peak_gb=1.562 nan_inf=0 lr=0.000200
2026-10-06 00:33:59 epoch 25 step 500/6335 G=4.3180 D=0.1357 cycle_a=0.0760 cycle_b=0.1327 id_a=0.0607 id_b=0.1493 gnorm_G=24.6500 gnorm_D=11.5073
2026-10-06 00:34:46 epoch 25 step 1000/6335 G=3.9067 D=0.1830 cycle_a=0.0891 cycle_b=0.1147 id_a=0.0689 id_b=0.0997 gnorm_G=21.9639 gnorm_D=11.6411
2026-10-06 00:35:33 epoch 25 step 1500/6335 G=3.9373 D=0.1469 cycle_a=0.0864 cycle_b=0.0843 id_a=0.0958 id_b=0.0719 gnorm_G=28.8375 gnorm_D=10.9706
2026-10-06 00:36:21 epoch 25 step 2000/6335 G=3.3760 D=0.2123 cycle_a=0.0847 cycle_b=0.0748 id_a=0.0768 id_b=0.0745 gnorm_G=43.2523 gnorm_D=9.8743
2026-10-06 00:37:09 epoch 25 step 2500/6335 G=4.3900 D=0.1538 cycle_a=0.1329 cycle_b=0.0788 id_a=0.0975 id_b=0.0656 gnorm_G=35.1983 gnorm_D=12.1259
2026-10-06 00:37:58 epoch 25 step 3000/6335 G=3.0382 D=0.1913 cycle_a=0.0977 cycle_b=0.0422 id_a=0.0821 id_b=0.0837 gnorm_G=18.0708 gnorm_D=12.1425
2026-10-06 00:38:47 epoch 25 step 3500/6335 G=2.8233 D=0.1873 cycle_a=0.0558 cycle_b=0.0678 id_a=0.0434 id_b=0.0539 gnorm_G=26.5434 gnorm_D=9.3637
2026-10-06 00:39:35 epoch 25 step 4000/6335 G=3.2477 D=0.1471 cycle_a=0.0509 cycle_b=0.1256 id_a=0.0456 id_b=0.0702 gnorm_G=25.2475 gnorm_D=8.9757
2026-10-06 00:40:22 epoch 25 step 4500/6335 G=3.8770 D=0.1565 cycle_a=0.1070 cycle_b=0.0889 id_a=0.0887 id_b=0.0745 gnorm_G=24.5305 gnorm_D=9.2807
2026-10-06 00:41:10 epoch 25 step 5000/6335 G=3.9781 D=0.1706 cycle_a=0.0739 cycle_b=0.1096 id_a=0.0615 id_b=0.0828 gnorm_G=17.2219 gnorm_D=8.7169
2026-10-06 00:41:57 epoch 25 step 5500/6335 G=3.7563 D=0.1485 cycle_a=0.1450 cycle_b=0.0676 id_a=0.1244 id_b=0.0398 gnorm_G=19.7555 gnorm_D=8.6325
2026-10-06 00:42:44 epoch 25 step 6000/6335 G=3.7883 D=0.2445 cycle_a=0.1276 cycle_b=0.1035 id_a=0.1045 id_b=0.0749 gnorm_G=18.6886 gnorm_D=12.6946
2026-10-06 00:43:34 EPOCH 25/50 train_G=3.9297 train_D=0.1663 val_G=6.0973 val_D=0.5711 cycle_a=0.0851 cycle_b=0.1043 gnorm_G=29.6590 gnorm_D=9.5151 seconds=623.48 images_per_sec=20.32 peak_gb=1.562 nan_inf=0 lr=0.000200
2026-10-06 00:44:23 epoch 26 step 500/6335 G=4.6613 D=0.0975 cycle_a=0.0988 cycle_b=0.0804 id_a=0.0686 id_b=0.0525 gnorm_G=48.9381 gnorm_D=10.6801
2026-10-06 00:45:11 epoch 26 step 1000/6335 G=3.2999 D=0.1583 cycle_a=0.0792 cycle_b=0.0709 id_a=0.0710 id_b=0.0647 gnorm_G=17.3959 gnorm_D=10.0411
2026-10-06 00:45:59 epoch 26 step 1500/6335 G=2.8707 D=0.2012 cycle_a=0.0566 cycle_b=0.0737 id_a=0.0485 id_b=0.0575 gnorm_G=27.9891 gnorm_D=8.8000
2026-10-06 00:46:46 epoch 26 step 2000/6335 G=4.9205 D=0.1300 cycle_a=0.1349 cycle_b=0.0964 id_a=0.1592 id_b=0.1096 gnorm_G=20.9332 gnorm_D=7.3923
2026-10-06 00:47:35 epoch 26 step 2500/6335 G=5.6387 D=0.0950 cycle_a=0.0873 cycle_b=0.1760 id_a=0.0712 id_b=0.2465 gnorm_G=59.8703 gnorm_D=7.1315
2026-10-06 00:48:24 epoch 26 step 3000/6335 G=2.9759 D=0.0739 cycle_a=0.0541 cycle_b=0.0751 id_a=0.0536 id_b=0.0634 gnorm_G=18.5063 gnorm_D=6.5609
2026-10-06 00:49:13 epoch 26 step 3500/6335 G=3.8280 D=0.0999 cycle_a=0.0741 cycle_b=0.0851 id_a=0.0726 id_b=0.0820 gnorm_G=34.6204 gnorm_D=10.8033
2026-10-06 00:50:02 epoch 26 step 4000/6335 G=4.2066 D=0.2221 cycle_a=0.0999 cycle_b=0.1662 id_a=0.0625 id_b=0.1424 gnorm_G=17.7199 gnorm_D=7.4235
2026-10-06 00:50:51 epoch 26 step 4500/6335 G=4.4033 D=0.1710 cycle_a=0.1050 cycle_b=0.1387 id_a=0.0823 id_b=0.1190 gnorm_G=27.3176 gnorm_D=14.9042
2026-10-06 00:51:40 epoch 26 step 5000/6335 G=4.3630 D=0.1027 cycle_a=0.0891 cycle_b=0.1251 id_a=0.0919 id_b=0.1606 gnorm_G=19.5316 gnorm_D=5.9181
2026-10-06 00:52:27 epoch 26 step 5500/6335 G=4.4949 D=0.2662 cycle_a=0.0781 cycle_b=0.1069 id_a=0.0600 id_b=0.0817 gnorm_G=30.2121 gnorm_D=15.7394
2026-10-06 00:53:18 epoch 26 step 6000/6335 G=4.4462 D=0.1735 cycle_a=0.0791 cycle_b=0.1481 id_a=0.1041 id_b=0.1628 gnorm_G=30.2131 gnorm_D=7.8966
2026-10-06 00:54:13 EPOCH 26/50 train_G=3.9178 train_D=0.1668 val_G=5.4473 val_D=0.5654 cycle_a=0.0847 cycle_b=0.1038 gnorm_G=29.3895 gnorm_D=9.5321 seconds=637.89 images_per_sec=19.86 peak_gb=1.562 nan_inf=0 lr=0.000192
2026-10-06 00:55:07 epoch 27 step 500/6335 G=3.6455 D=0.1478 cycle_a=0.0547 cycle_b=0.1014 id_a=0.0728 id_b=0.0653 gnorm_G=29.2618 gnorm_D=10.4711
2026-10-06 00:56:00 epoch 27 step 1000/6335 G=3.6835 D=0.3811 cycle_a=0.0807 cycle_b=0.1247 id_a=0.0633 id_b=0.0644 gnorm_G=30.5382 gnorm_D=17.0156
2026-10-06 00:56:54 epoch 27 step 1500/6335 G=3.8811 D=0.2359 cycle_a=0.0748 cycle_b=0.1335 id_a=0.0387 id_b=0.1331 gnorm_G=11.1086 gnorm_D=15.8197
2026-10-06 00:57:47 epoch 27 step 2000/6335 G=4.2601 D=0.0826 cycle_a=0.1056 cycle_b=0.0920 id_a=0.0619 id_b=0.1029 gnorm_G=33.1283 gnorm_D=7.4258
2026-10-06 00:58:40 epoch 27 step 2500/6335 G=7.9118 D=0.0557 cycle_a=0.0994 cycle_b=0.4034 id_a=0.0703 id_b=0.4088 gnorm_G=46.0259 gnorm_D=5.8991
2026-10-06 00:59:34 epoch 27 step 3000/6335 G=3.1510 D=0.1596 cycle_a=0.0654 cycle_b=0.0578 id_a=0.0520 id_b=0.1101 gnorm_G=17.8432 gnorm_D=6.0371
2026-10-06 01:00:27 epoch 27 step 3500/6335 G=3.1855 D=0.1723 cycle_a=0.0676 cycle_b=0.0792 id_a=0.0476 id_b=0.0673 gnorm_G=23.5206 gnorm_D=13.2026
2026-10-06 01:01:19 epoch 27 step 4000/6335 G=3.2825 D=0.1429 cycle_a=0.0946 cycle_b=0.0893 id_a=0.0759 id_b=0.0587 gnorm_G=34.3274 gnorm_D=8.4475
2026-10-06 01:02:11 epoch 27 step 4500/6335 G=3.1194 D=0.1217 cycle_a=0.0386 cycle_b=0.1084 id_a=0.0389 id_b=0.1234 gnorm_G=14.8012 gnorm_D=5.3429
2026-10-06 01:03:01 epoch 27 step 5000/6335 G=3.9446 D=0.0801 cycle_a=0.0899 cycle_b=0.0723 id_a=0.0566 id_b=0.0982 gnorm_G=25.1431 gnorm_D=6.5965
2026-10-06 01:03:51 epoch 27 step 5500/6335 G=4.5659 D=0.1960 cycle_a=0.0893 cycle_b=0.1125 id_a=0.0708 id_b=0.0891 gnorm_G=37.9545 gnorm_D=11.4873
2026-10-06 01:04:41 epoch 27 step 6000/6335 G=3.6432 D=0.1046 cycle_a=0.0597 cycle_b=0.0798 id_a=0.0477 id_b=0.0545 gnorm_G=37.4388 gnorm_D=7.7354
2026-10-06 01:05:32 EPOCH 27/50 train_G=3.8791 train_D=0.1641 val_G=5.8326 val_D=0.6420 cycle_a=0.0840 cycle_b=0.1020 gnorm_G=29.3972 gnorm_D=9.3406 seconds=677.36 images_per_sec=18.70 peak_gb=1.562 nan_inf=0 lr=0.000184
2026-10-06 01:06:21 epoch 28 step 500/6335 G=3.8475 D=0.1102 cycle_a=0.0986 cycle_b=0.0968 id_a=0.0774 id_b=0.0998 gnorm_G=26.3026 gnorm_D=6.7091
2026-10-06 01:07:09 epoch 28 step 1000/6335 G=3.7770 D=0.1102 cycle_a=0.1101 cycle_b=0.0668 id_a=0.0847 id_b=0.0677 gnorm_G=16.0218 gnorm_D=9.3145
2026-10-06 01:07:58 epoch 28 step 1500/6335 G=3.6845 D=0.1992 cycle_a=0.0784 cycle_b=0.1222 id_a=0.0665 id_b=0.0781 gnorm_G=22.3528 gnorm_D=11.2324
2026-10-06 01:08:48 epoch 28 step 2000/6335 G=2.7226 D=0.2759 cycle_a=0.0623 cycle_b=0.0629 id_a=0.0967 id_b=0.0590 gnorm_G=21.3890 gnorm_D=8.0671
2026-10-06 01:09:38 epoch 28 step 2500/6335 G=3.0029 D=0.2074 cycle_a=0.0804 cycle_b=0.0660 id_a=0.0720 id_b=0.0545 gnorm_G=21.2623 gnorm_D=10.6043
2026-10-06 01:10:27 epoch 28 step 3000/6335 G=4.0222 D=0.1884 cycle_a=0.0682 cycle_b=0.0980 id_a=0.0547 id_b=0.0835 gnorm_G=34.5084 gnorm_D=16.5501
2026-10-06 01:11:15 epoch 28 step 3500/6335 G=4.0597 D=0.1366 cycle_a=0.0864 cycle_b=0.1121 id_a=0.0630 id_b=0.0784 gnorm_G=21.5077 gnorm_D=7.5719
2026-10-06 01:12:03 epoch 28 step 4000/6335 G=3.2711 D=0.1509 cycle_a=0.0770 cycle_b=0.0685 id_a=0.0642 id_b=0.0594 gnorm_G=48.3108 gnorm_D=12.1125
2026-10-06 01:12:51 epoch 28 step 4500/6335 G=3.4908 D=0.1076 cycle_a=0.0691 cycle_b=0.1071 id_a=0.0589 id_b=0.1081 gnorm_G=18.1982 gnorm_D=7.1501
2026-10-06 01:13:39 epoch 28 step 5000/6335 G=4.0751 D=0.0783 cycle_a=0.0569 cycle_b=0.1183 id_a=0.0640 id_b=0.0925 gnorm_G=19.9408 gnorm_D=3.8703
2026-10-06 01:14:27 epoch 28 step 5500/6335 G=4.0464 D=0.1891 cycle_a=0.0694 cycle_b=0.1337 id_a=0.0610 id_b=0.1078 gnorm_G=61.4174 gnorm_D=9.9844
2026-10-06 01:15:14 epoch 28 step 6000/6335 G=3.5507 D=0.2717 cycle_a=0.1074 cycle_b=0.0985 id_a=0.0873 id_b=0.0970 gnorm_G=18.9822 gnorm_D=11.7780
2026-10-06 01:16:05 EPOCH 28/50 train_G=3.8523 train_D=0.1628 val_G=6.4013 val_D=0.7601 cycle_a=0.0835 cycle_b=0.1007 gnorm_G=29.1024 gnorm_D=9.2274 seconds=632.12 images_per_sec=20.04 peak_gb=1.562 nan_inf=0 lr=0.000176
2026-10-06 01:16:54 epoch 29 step 500/6335 G=3.6891 D=0.2667 cycle_a=0.0778 cycle_b=0.1001 id_a=0.0552 id_b=0.0889 gnorm_G=28.6468 gnorm_D=10.5255
2026-10-06 01:17:41 epoch 29 step 1000/6335 G=3.5746 D=0.1382 cycle_a=0.0585 cycle_b=0.1003 id_a=0.0602 id_b=0.0806 gnorm_G=44.9364 gnorm_D=6.3497
2026-10-06 01:18:28 epoch 29 step 1500/6335 G=3.5717 D=0.1668 cycle_a=0.0827 cycle_b=0.1083 id_a=0.0840 id_b=0.0860 gnorm_G=21.7255 gnorm_D=9.7353
2026-10-06 01:19:16 epoch 29 step 2000/6335 G=3.3436 D=0.1202 cycle_a=0.0615 cycle_b=0.0933 id_a=0.0449 id_b=0.0626 gnorm_G=20.5759 gnorm_D=4.9334
2026-10-06 01:20:04 epoch 29 step 2500/6335 G=3.5324 D=0.1232 cycle_a=0.0721 cycle_b=0.0792 id_a=0.0468 id_b=0.1521 gnorm_G=22.7587 gnorm_D=5.4829
2026-10-06 01:20:52 epoch 29 step 3000/6335 G=4.1151 D=0.1820 cycle_a=0.0701 cycle_b=0.1272 id_a=0.0587 id_b=0.0812 gnorm_G=25.8849 gnorm_D=14.0166
2026-10-06 01:21:40 epoch 29 step 3500/6335 G=5.5744 D=0.0878 cycle_a=0.1272 cycle_b=0.1773 id_a=0.1026 id_b=0.2844 gnorm_G=42.3452 gnorm_D=7.3785
2026-10-06 01:22:27 epoch 29 step 4000/6335 G=4.5996 D=0.3510 cycle_a=0.0595 cycle_b=0.1756 id_a=0.0518 id_b=0.2053 gnorm_G=16.5443 gnorm_D=10.5269
2026-10-06 01:23:13 epoch 29 step 4500/6335 G=3.5988 D=0.1220 cycle_a=0.0991 cycle_b=0.0911 id_a=0.0560 id_b=0.0706 gnorm_G=22.4594 gnorm_D=7.0297
2026-10-06 01:24:01 epoch 29 step 5000/6335 G=3.4968 D=0.1151 cycle_a=0.0696 cycle_b=0.0740 id_a=0.0721 id_b=0.0550 gnorm_G=21.3359 gnorm_D=6.8330
2026-10-06 01:24:48 epoch 29 step 5500/6335 G=3.7191 D=0.0978 cycle_a=0.0858 cycle_b=0.0704 id_a=0.0671 id_b=0.0589 gnorm_G=53.3826 gnorm_D=7.2527
2026-10-06 01:25:36 epoch 29 step 6000/6335 G=3.4683 D=0.1954 cycle_a=0.0572 cycle_b=0.1216 id_a=0.0450 id_b=0.0783 gnorm_G=39.6410 gnorm_D=13.5386
2026-10-06 01:26:27 EPOCH 29/50 train_G=3.8259 train_D=0.1620 val_G=5.9654 val_D=0.6431 cycle_a=0.0832 cycle_b=0.0993 gnorm_G=28.8862 gnorm_D=9.1437 seconds=621.22 images_per_sec=20.40 peak_gb=1.562 nan_inf=0 lr=0.000168
2026-10-06 01:27:39 epoch 30 step 500/6335 G=2.9372 D=0.2378 cycle_a=0.0636 cycle_b=0.0819 id_a=0.0508 id_b=0.0693 gnorm_G=24.9864 gnorm_D=11.3113
2026-10-06 01:28:27 epoch 30 step 1000/6335 G=3.7517 D=0.1230 cycle_a=0.0661 cycle_b=0.0688 id_a=0.0539 id_b=0.0548 gnorm_G=40.4551 gnorm_D=8.4844
2026-10-06 01:29:16 epoch 30 step 1500/6335 G=3.1758 D=0.1775 cycle_a=0.0629 cycle_b=0.0766 id_a=0.0458 id_b=0.0576 gnorm_G=26.2286 gnorm_D=5.9212
2026-10-06 01:30:05 epoch 30 step 2000/6335 G=3.6827 D=0.1453 cycle_a=0.0918 cycle_b=0.0787 id_a=0.0630 id_b=0.0705 gnorm_G=16.9370 gnorm_D=8.3417
2026-10-06 01:30:54 epoch 30 step 2500/6335 G=4.3022 D=0.0901 cycle_a=0.0370 cycle_b=0.1657 id_a=0.0492 id_b=0.1342 gnorm_G=26.1725 gnorm_D=4.9195
2026-10-06 01:31:43 epoch 30 step 3000/6335 G=3.9325 D=0.1383 cycle_a=0.0850 cycle_b=0.1013 id_a=0.0600 id_b=0.0854 gnorm_G=43.6662 gnorm_D=10.6960
2026-10-06 01:32:31 epoch 30 step 3500/6335 G=3.4698 D=0.1909 cycle_a=0.0916 cycle_b=0.0867 id_a=0.0639 id_b=0.0624 gnorm_G=16.0259 gnorm_D=6.1317
2026-10-06 01:33:19 epoch 30 step 4000/6335 G=4.4293 D=0.5186 cycle_a=0.1524 cycle_b=0.1094 id_a=0.1017 id_b=0.1141 gnorm_G=18.6897 gnorm_D=15.2542
2026-10-06 01:34:06 epoch 30 step 4500/6335 G=3.5546 D=0.1029 cycle_a=0.0713 cycle_b=0.0810 id_a=0.0582 id_b=0.0621 gnorm_G=28.0591 gnorm_D=6.9672
2026-10-06 01:34:54 epoch 30 step 5000/6335 G=3.3396 D=0.4409 cycle_a=0.0750 cycle_b=0.1002 id_a=0.0511 id_b=0.0888 gnorm_G=19.7634 gnorm_D=11.7091
2026-10-06 01:35:42 epoch 30 step 5500/6335 G=3.5552 D=0.1002 cycle_a=0.0828 cycle_b=0.0734 id_a=0.0737 id_b=0.0549 gnorm_G=30.6808 gnorm_D=5.5664
2026-10-06 01:36:30 epoch 30 step 6000/6335 G=2.8620 D=0.1706 cycle_a=0.0590 cycle_b=0.0595 id_a=0.0535 id_b=0.0607 gnorm_G=28.2325 gnorm_D=9.4405
2026-10-06 01:37:20 EPOCH 30/50 train_G=3.7895 train_D=0.1625 val_G=6.0424 val_D=0.5741 cycle_a=0.0827 cycle_b=0.0978 gnorm_G=28.7123 gnorm_D=9.0144 seconds=630.75 images_per_sec=20.09 peak_gb=1.562 nan_inf=0 lr=0.000160
2026-10-06 01:37:22 MILESTONE saved /app/task3_gan_output/checkpoints/generators_epoch_030.pt
2026-10-06 01:38:10 epoch 31 step 500/6335 G=3.5641 D=0.0986 cycle_a=0.0944 cycle_b=0.0646 id_a=0.0598 id_b=0.1277 gnorm_G=19.4503 gnorm_D=5.8880
2026-10-06 01:38:58 epoch 31 step 1000/6335 G=4.3571 D=0.1829 cycle_a=0.0975 cycle_b=0.0917 id_a=0.0906 id_b=0.0750 gnorm_G=26.3739 gnorm_D=10.6583
2026-10-06 01:39:46 epoch 31 step 1500/6335 G=4.3852 D=0.0893 cycle_a=0.1103 cycle_b=0.1069 id_a=0.0980 id_b=0.1058 gnorm_G=33.0703 gnorm_D=4.9381
2026-10-06 01:40:35 epoch 31 step 2000/6335 G=3.1628 D=0.1246 cycle_a=0.0647 cycle_b=0.0875 id_a=0.0556 id_b=0.1152 gnorm_G=15.1642 gnorm_D=9.9862
2026-10-06 01:41:23 epoch 31 step 2500/6335 G=4.3134 D=0.1523 cycle_a=0.0977 cycle_b=0.1038 id_a=0.0786 id_b=0.0925 gnorm_G=22.8399 gnorm_D=9.1081
2026-10-06 01:42:10 epoch 31 step 3000/6335 G=3.9101 D=0.1751 cycle_a=0.0865 cycle_b=0.0752 id_a=0.0738 id_b=0.0561 gnorm_G=23.2884 gnorm_D=10.4468
2026-10-06 01:43:00 epoch 31 step 3500/6335 G=2.9650 D=0.0915 cycle_a=0.0533 cycle_b=0.0625 id_a=0.0370 id_b=0.0461 gnorm_G=31.3199 gnorm_D=9.3015
2026-10-06 01:43:49 epoch 31 step 4000/6335 G=3.4249 D=0.0820 cycle_a=0.0599 cycle_b=0.0683 id_a=0.0504 id_b=0.0646 gnorm_G=27.7722 gnorm_D=4.7755
2026-10-06 01:44:38 epoch 31 step 4500/6335 G=3.3667 D=0.2069 cycle_a=0.0930 cycle_b=0.0502 id_a=0.0744 id_b=0.0350 gnorm_G=20.2516 gnorm_D=17.7341
2026-10-06 01:45:27 epoch 31 step 5000/6335 G=4.4011 D=0.1365 cycle_a=0.1022 cycle_b=0.1036 id_a=0.0589 id_b=0.0736 gnorm_G=21.8616 gnorm_D=9.1101
2026-10-06 01:46:18 epoch 31 step 5500/6335 G=3.5375 D=0.2359 cycle_a=0.0671 cycle_b=0.1105 id_a=0.0451 id_b=0.0891 gnorm_G=24.5108 gnorm_D=6.5278
2026-10-06 01:47:07 epoch 31 step 6000/6335 G=4.0915 D=0.1091 cycle_a=0.0826 cycle_b=0.1479 id_a=0.0632 id_b=0.1328 gnorm_G=23.6235 gnorm_D=8.8170
2026-10-06 01:47:58 EPOCH 31/50 train_G=3.7625 train_D=0.1623 val_G=5.9972 val_D=0.6822 cycle_a=0.0827 cycle_b=0.0960 gnorm_G=28.6253 gnorm_D=8.9988 seconds=636.16 images_per_sec=19.92 peak_gb=1.562 nan_inf=0 lr=0.000152
2026-10-06 01:48:49 epoch 32 step 500/6335 G=3.4311 D=0.1866 cycle_a=0.0564 cycle_b=0.0904 id_a=0.0423 id_b=0.0457 gnorm_G=23.5197 gnorm_D=11.2865
2026-10-06 01:49:39 epoch 32 step 1000/6335 G=3.4386 D=0.2048 cycle_a=0.0783 cycle_b=0.0848 id_a=0.0689 id_b=0.0918 gnorm_G=22.5770 gnorm_D=6.7939
2026-10-06 01:50:29 epoch 32 step 1500/6335 G=3.6380 D=0.0915 cycle_a=0.0614 cycle_b=0.1087 id_a=0.0529 id_b=0.0757 gnorm_G=22.5148 gnorm_D=6.7908
2026-10-06 01:51:19 epoch 32 step 2000/6335 G=3.9259 D=0.1605 cycle_a=0.1182 cycle_b=0.1102 id_a=0.0866 id_b=0.0843 gnorm_G=20.0783 gnorm_D=11.1864
2026-10-06 01:52:08 epoch 32 step 2500/6335 G=3.9126 D=0.1591 cycle_a=0.0831 cycle_b=0.1138 id_a=0.0710 id_b=0.0886 gnorm_G=25.2447 gnorm_D=9.6156
2026-10-06 01:52:57 epoch 32 step 3000/6335 G=3.7207 D=0.0892 cycle_a=0.0956 cycle_b=0.0838 id_a=0.0764 id_b=0.0506 gnorm_G=22.2742 gnorm_D=5.6164
2026-10-06 01:53:48 epoch 32 step 3500/6335 G=3.7533 D=0.0679 cycle_a=0.0906 cycle_b=0.0635 id_a=0.0607 id_b=0.0561 gnorm_G=42.0337 gnorm_D=5.2705
2026-10-06 01:54:39 epoch 32 step 4000/6335 G=2.9611 D=0.2295 cycle_a=0.0559 cycle_b=0.0866 id_a=0.0377 id_b=0.0704 gnorm_G=14.5237 gnorm_D=17.6807
2026-10-06 01:55:29 epoch 32 step 4500/6335 G=3.2902 D=0.2439 cycle_a=0.0989 cycle_b=0.0957 id_a=0.0717 id_b=0.0673 gnorm_G=26.8814 gnorm_D=8.7399
2026-10-06 01:56:19 epoch 32 step 5000/6335 G=3.7783 D=0.1067 cycle_a=0.0833 cycle_b=0.0645 id_a=0.0571 id_b=0.0497 gnorm_G=42.5541 gnorm_D=6.3423
2026-10-06 01:57:09 epoch 32 step 5500/6335 G=8.0265 D=0.1270 cycle_a=0.0917 cycle_b=0.3740 id_a=0.0603 id_b=0.3810 gnorm_G=47.9147 gnorm_D=7.5971
2026-10-06 01:57:57 epoch 32 step 6000/6335 G=2.7813 D=0.1483 cycle_a=0.0674 cycle_b=0.0498 id_a=0.0426 id_b=0.0410 gnorm_G=20.5919 gnorm_D=10.9769
2026-10-06 01:58:47 EPOCH 32/50 train_G=3.7377 train_D=0.1617 val_G=5.8342 val_D=0.6800 cycle_a=0.0825 cycle_b=0.0948 gnorm_G=28.8480 gnorm_D=8.9269 seconds=648.02 images_per_sec=19.55 peak_gb=1.562 nan_inf=0 lr=0.000144
2026-10-06 01:59:40 epoch 33 step 500/6335 G=4.1004 D=0.1192 cycle_a=0.0751 cycle_b=0.1124 id_a=0.0436 id_b=0.0988 gnorm_G=36.5292 gnorm_D=6.2921
2026-10-06 02:00:30 epoch 33 step 1000/6335 G=3.6854 D=0.1775 cycle_a=0.0889 cycle_b=0.0991 id_a=0.0691 id_b=0.0785 gnorm_G=27.0463 gnorm_D=7.6077
2026-10-06 02:01:20 epoch 33 step 1500/6335 G=4.0943 D=0.1962 cycle_a=0.1049 cycle_b=0.0938 id_a=0.0638 id_b=0.0690 gnorm_G=23.3636 gnorm_D=6.5252
2026-10-06 02:02:10 epoch 33 step 2000/6335 G=3.5633 D=0.0843 cycle_a=0.0703 cycle_b=0.0962 id_a=0.0590 id_b=0.0770 gnorm_G=21.9455 gnorm_D=6.7836
2026-10-06 02:02:59 epoch 33 step 2500/6335 G=2.4689 D=0.2255 cycle_a=0.0576 cycle_b=0.0544 id_a=0.0537 id_b=0.0553 gnorm_G=17.9486 gnorm_D=14.0833
2026-10-06 02:03:48 epoch 33 step 3000/6335 G=3.7104 D=0.2726 cycle_a=0.0943 cycle_b=0.0631 id_a=0.0689 id_b=0.0599 gnorm_G=17.5986 gnorm_D=11.1387
2026-10-06 02:04:37 epoch 33 step 3500/6335 G=4.3130 D=0.0783 cycle_a=0.1254 cycle_b=0.0847 id_a=0.0861 id_b=0.0565 gnorm_G=28.7765 gnorm_D=8.4659
2026-10-06 02:05:28 epoch 33 step 4000/6335 G=4.1443 D=0.0535 cycle_a=0.0777 cycle_b=0.0864 id_a=0.0606 id_b=0.0733 gnorm_G=77.6036 gnorm_D=4.8351
2026-10-06 02:06:16 epoch 33 step 4500/6335 G=4.3337 D=0.0943 cycle_a=0.1048 cycle_b=0.1164 id_a=0.0725 id_b=0.0938 gnorm_G=60.7632 gnorm_D=8.0973
2026-10-06 02:07:06 epoch 33 step 5000/6335 G=3.3963 D=0.1125 cycle_a=0.1011 cycle_b=0.0565 id_a=0.0694 id_b=0.0414 gnorm_G=27.7708 gnorm_D=8.0411
2026-10-06 02:07:56 epoch 33 step 5500/6335 G=4.0692 D=0.1334 cycle_a=0.0816 cycle_b=0.1116 id_a=0.0607 id_b=0.0769 gnorm_G=26.3177 gnorm_D=7.0109
2026-10-06 02:08:45 epoch 33 step 6000/6335 G=3.3426 D=0.1918 cycle_a=0.0570 cycle_b=0.0825 id_a=0.0417 id_b=0.0661 gnorm_G=25.4679 gnorm_D=9.2490
2026-10-06 02:09:37 EPOCH 33/50 train_G=3.7086 train_D=0.1632 val_G=6.2684 val_D=0.8014 cycle_a=0.0824 cycle_b=0.0936 gnorm_G=28.6717 gnorm_D=8.9072 seconds=647.91 images_per_sec=19.56 peak_gb=1.562 nan_inf=0 lr=0.000136
2026-10-06 02:10:27 epoch 34 step 500/6335 G=4.3453 D=0.0872 cycle_a=0.0745 cycle_b=0.1087 id_a=0.0517 id_b=0.0509 gnorm_G=37.4400 gnorm_D=9.5902
2026-10-06 02:11:16 epoch 34 step 1000/6335 G=4.2108 D=0.1946 cycle_a=0.0648 cycle_b=0.1188 id_a=0.0502 id_b=0.1116 gnorm_G=33.9673 gnorm_D=8.2888
2026-10-06 02:12:06 epoch 34 step 1500/6335 G=3.0295 D=0.1762 cycle_a=0.0590 cycle_b=0.0521 id_a=0.0468 id_b=0.0482 gnorm_G=32.2452 gnorm_D=10.6026
2026-10-06 02:12:55 epoch 34 step 2000/6335 G=3.1702 D=0.2106 cycle_a=0.0687 cycle_b=0.0909 id_a=0.0487 id_b=0.0903 gnorm_G=25.9879 gnorm_D=16.1890
2026-10-06 02:13:44 epoch 34 step 2500/6335 G=3.4861 D=0.1072 cycle_a=0.0763 cycle_b=0.0922 id_a=0.0682 id_b=0.0674 gnorm_G=29.8940 gnorm_D=9.8591
2026-10-06 02:14:33 epoch 34 step 3000/6335 G=3.5036 D=0.1463 cycle_a=0.1053 cycle_b=0.0673 id_a=0.0813 id_b=0.0562 gnorm_G=44.8550 gnorm_D=8.9332
2026-10-06 02:15:23 epoch 34 step 3500/6335 G=3.3651 D=0.0541 cycle_a=0.0557 cycle_b=0.0717 id_a=0.0382 id_b=0.0612 gnorm_G=35.1995 gnorm_D=7.1255
2026-10-06 02:16:14 epoch 34 step 4000/6335 G=3.6311 D=0.1527 cycle_a=0.0878 cycle_b=0.0847 id_a=0.0605 id_b=0.0939 gnorm_G=19.1305 gnorm_D=11.3289
2026-10-06 02:17:05 epoch 34 step 4500/6335 G=3.8208 D=0.1591 cycle_a=0.1430 cycle_b=0.0756 id_a=0.1038 id_b=0.0733 gnorm_G=21.6918 gnorm_D=9.3723
2026-10-06 02:17:54 epoch 34 step 5000/6335 G=3.5605 D=0.1497 cycle_a=0.0950 cycle_b=0.0840 id_a=0.0643 id_b=0.0611 gnorm_G=15.9337 gnorm_D=7.2031
2026-10-06 02:18:42 epoch 34 step 5500/6335 G=2.9976 D=0.2545 cycle_a=0.0744 cycle_b=0.0813 id_a=0.0534 id_b=0.1122 gnorm_G=23.5061 gnorm_D=10.5832
2026-10-06 02:19:30 epoch 34 step 6000/6335 G=4.2728 D=0.1251 cycle_a=0.1011 cycle_b=0.1246 id_a=0.0666 id_b=0.1142 gnorm_G=39.0662 gnorm_D=6.8544
2026-10-06 02:20:21 EPOCH 34/50 train_G=3.6884 train_D=0.1622 val_G=6.0876 val_D=0.6871 cycle_a=0.0823 cycle_b=0.0922 gnorm_G=28.4719 gnorm_D=8.8276 seconds=642.93 images_per_sec=19.71 peak_gb=1.562 nan_inf=0 lr=0.000128
2026-10-06 02:21:11 epoch 35 step 500/6335 G=3.4762 D=0.0964 cycle_a=0.0827 cycle_b=0.0774 id_a=0.0493 id_b=0.0789 gnorm_G=20.3031 gnorm_D=7.7837
2026-10-06 02:22:00 epoch 35 step 1000/6335 G=3.4673 D=0.3713 cycle_a=0.1323 cycle_b=0.0504 id_a=0.1055 id_b=0.0414 gnorm_G=13.9558 gnorm_D=6.3476
2026-10-06 02:22:48 epoch 35 step 1500/6335 G=3.5549 D=0.1245 cycle_a=0.0870 cycle_b=0.1025 id_a=0.0553 id_b=0.0782 gnorm_G=26.8118 gnorm_D=6.4413
2026-10-06 02:23:38 epoch 35 step 2000/6335 G=3.8573 D=0.0526 cycle_a=0.0698 cycle_b=0.0748 id_a=0.0517 id_b=0.0963 gnorm_G=32.4598 gnorm_D=6.2868
2026-10-06 02:24:28 epoch 35 step 2500/6335 G=3.7948 D=0.3179 cycle_a=0.0667 cycle_b=0.1305 id_a=0.0451 id_b=0.1067 gnorm_G=19.2208 gnorm_D=10.7082
2026-10-06 02:25:18 epoch 35 step 3000/6335 G=2.5098 D=0.2285 cycle_a=0.0660 cycle_b=0.0386 id_a=0.0468 id_b=0.0237 gnorm_G=20.5124 gnorm_D=12.1094
2026-10-06 02:26:08 epoch 35 step 3500/6335 G=3.9938 D=0.1916 cycle_a=0.0873 cycle_b=0.1308 id_a=0.0470 id_b=0.0941 gnorm_G=21.7058 gnorm_D=9.5210
2026-10-06 02:26:59 epoch 35 step 4000/6335 G=3.7809 D=0.2227 cycle_a=0.1435 cycle_b=0.0761 id_a=0.0987 id_b=0.0761 gnorm_G=14.2154 gnorm_D=8.0852
2026-10-06 02:27:50 epoch 35 step 4500/6335 G=4.1209 D=0.1917 cycle_a=0.0648 cycle_b=0.1558 id_a=0.0398 id_b=0.2104 gnorm_G=37.2873 gnorm_D=5.6095
2026-10-06 02:28:40 epoch 35 step 5000/6335 G=3.5631 D=0.3002 cycle_a=0.1512 cycle_b=0.0648 id_a=0.1050 id_b=0.0386 gnorm_G=14.2393 gnorm_D=13.9794
2026-10-06 02:29:31 epoch 35 step 5500/6335 G=4.1018 D=0.1554 cycle_a=0.0933 cycle_b=0.0968 id_a=0.0626 id_b=0.0816 gnorm_G=27.0483 gnorm_D=9.8636
2026-10-06 02:30:20 epoch 35 step 6000/6335 G=3.5077 D=0.0758 cycle_a=0.0646 cycle_b=0.1004 id_a=0.0435 id_b=0.0762 gnorm_G=22.5904 gnorm_D=5.9119
2026-10-06 02:31:10 EPOCH 35/50 train_G=3.6639 train_D=0.1637 val_G=6.3602 val_D=0.9067 cycle_a=0.0823 cycle_b=0.0912 gnorm_G=28.2032 gnorm_D=8.9251 seconds=647.68 images_per_sec=19.56 peak_gb=1.562 nan_inf=0 lr=0.000120
2026-10-06 02:32:01 epoch 36 step 500/6335 G=3.1969 D=0.1423 cycle_a=0.0699 cycle_b=0.0863 id_a=0.0424 id_b=0.0778 gnorm_G=21.2487 gnorm_D=5.8576
2026-10-06 02:32:49 epoch 36 step 1000/6335 G=4.1192 D=0.1146 cycle_a=0.0939 cycle_b=0.0997 id_a=0.0658 id_b=0.0869 gnorm_G=36.5881 gnorm_D=7.0975
2026-10-06 02:33:39 epoch 36 step 1500/6335 G=3.7408 D=0.1211 cycle_a=0.0908 cycle_b=0.0903 id_a=0.0548 id_b=0.0694 gnorm_G=20.3780 gnorm_D=13.8024
2026-10-06 02:34:30 epoch 36 step 2000/6335 G=4.2636 D=0.0779 cycle_a=0.1102 cycle_b=0.0819 id_a=0.0775 id_b=0.0810 gnorm_G=24.7202 gnorm_D=6.5670
2026-10-06 02:35:18 epoch 36 step 2500/6335 G=5.2272 D=0.2026 cycle_a=0.0361 cycle_b=0.2133 id_a=0.0259 id_b=0.1906 gnorm_G=24.8656 gnorm_D=8.8702
2026-10-06 02:36:08 epoch 36 step 3000/6335 G=3.5659 D=0.4387 cycle_a=0.1059 cycle_b=0.1115 id_a=0.0749 id_b=0.1041 gnorm_G=16.6366 gnorm_D=11.3012
2026-10-06 02:36:58 epoch 36 step 3500/6335 G=3.2107 D=0.1066 cycle_a=0.1000 cycle_b=0.0373 id_a=0.0649 id_b=0.0402 gnorm_G=12.3236 gnorm_D=6.4766
2026-10-06 02:37:47 epoch 36 step 4000/6335 G=3.1954 D=0.1043 cycle_a=0.0812 cycle_b=0.0669 id_a=0.0478 id_b=0.0706 gnorm_G=36.4823 gnorm_D=9.3513
2026-10-06 02:38:36 epoch 36 step 4500/6335 G=2.6814 D=0.1830 cycle_a=0.0637 cycle_b=0.0631 id_a=0.0425 id_b=0.0578 gnorm_G=20.1096 gnorm_D=8.5533
2026-10-06 02:39:26 epoch 36 step 5000/6335 G=3.2895 D=0.1059 cycle_a=0.0464 cycle_b=0.0944 id_a=0.0317 id_b=0.0714 gnorm_G=25.7152 gnorm_D=6.5090
2026-10-06 02:40:16 epoch 36 step 5500/6335 G=3.7815 D=0.1428 cycle_a=0.1134 cycle_b=0.0950 id_a=0.0723 id_b=0.0641 gnorm_G=18.2402 gnorm_D=6.7282
2026-10-06 02:41:07 epoch 36 step 6000/6335 G=2.9500 D=0.2058 cycle_a=0.0876 cycle_b=0.0554 id_a=0.0591 id_b=0.0363 gnorm_G=18.3724 gnorm_D=12.6384
2026-10-06 02:41:57 EPOCH 36/50 train_G=3.6341 train_D=0.1636 val_G=6.4532 val_D=0.8313 cycle_a=0.0820 cycle_b=0.0895 gnorm_G=28.3755 gnorm_D=8.8645 seconds=646.30 images_per_sec=19.60 peak_gb=1.562 nan_inf=0 lr=0.000112
2026-10-06 02:42:48 epoch 37 step 500/6335 G=3.0767 D=0.1193 cycle_a=0.0587 cycle_b=0.0895 id_a=0.0356 id_b=0.0744 gnorm_G=17.0445 gnorm_D=9.3603
2026-10-06 02:43:37 epoch 37 step 1000/6335 G=4.6561 D=0.2479 cycle_a=0.1519 cycle_b=0.1414 id_a=0.1154 id_b=0.1025 gnorm_G=14.1695 gnorm_D=7.0727
2026-10-06 02:44:27 epoch 37 step 1500/6335 G=3.7383 D=0.1083 cycle_a=0.0966 cycle_b=0.0876 id_a=0.0565 id_b=0.0757 gnorm_G=21.1908 gnorm_D=11.7154
2026-10-06 02:45:17 epoch 37 step 2000/6335 G=3.8722 D=0.1779 cycle_a=0.0658 cycle_b=0.0920 id_a=0.0455 id_b=0.0799 gnorm_G=27.4141 gnorm_D=12.9305
2026-10-06 02:46:08 epoch 37 step 2500/6335 G=3.2711 D=0.1560 cycle_a=0.0864 cycle_b=0.0488 id_a=0.0721 id_b=0.0385 gnorm_G=27.4355 gnorm_D=7.8192
2026-10-06 02:46:56 epoch 37 step 3000/6335 G=3.9006 D=0.2410 cycle_a=0.0753 cycle_b=0.1004 id_a=0.0454 id_b=0.0683 gnorm_G=25.9772 gnorm_D=17.1867
2026-10-06 02:47:45 epoch 37 step 3500/6335 G=4.2194 D=0.0901 cycle_a=0.0663 cycle_b=0.1139 id_a=0.0460 id_b=0.0825 gnorm_G=26.3036 gnorm_D=6.3837
2026-10-06 02:48:33 epoch 37 step 4000/6335 G=3.1407 D=0.3239 cycle_a=0.0450 cycle_b=0.1154 id_a=0.0385 id_b=0.1014 gnorm_G=17.3018 gnorm_D=15.2906
2026-10-06 02:49:21 epoch 37 step 4500/6335 G=3.2903 D=0.1576 cycle_a=0.0772 cycle_b=0.0866 id_a=0.0479 id_b=0.0835 gnorm_G=23.4900 gnorm_D=6.9858
2026-10-06 02:50:09 epoch 37 step 5000/6335 G=2.9474 D=0.1617 cycle_a=0.0930 cycle_b=0.0603 id_a=0.0548 id_b=0.0513 gnorm_G=18.6490 gnorm_D=5.9395
2026-10-06 02:50:58 epoch 37 step 5500/6335 G=3.7914 D=0.1737 cycle_a=0.0951 cycle_b=0.1112 id_a=0.0672 id_b=0.0859 gnorm_G=19.2709 gnorm_D=9.2457
2026-10-06 02:51:48 epoch 37 step 6000/6335 G=2.3781 D=0.1634 cycle_a=0.0476 cycle_b=0.0484 id_a=0.0400 id_b=0.0313 gnorm_G=28.1610 gnorm_D=13.2729
2026-10-06 02:52:40 EPOCH 37/50 train_G=3.6160 train_D=0.1641 val_G=6.3391 val_D=0.8344 cycle_a=0.0820 cycle_b=0.0885 gnorm_G=28.3180 gnorm_D=8.8864 seconds=641.28 images_per_sec=19.76 peak_gb=1.562 nan_inf=0 lr=0.000104
2026-10-06 02:53:31 epoch 38 step 500/6335 G=4.0311 D=0.1391 cycle_a=0.1006 cycle_b=0.0888 id_a=0.0701 id_b=0.0767 gnorm_G=18.4401 gnorm_D=6.9355
2026-10-06 02:54:22 epoch 38 step 1000/6335 G=3.7911 D=0.0562 cycle_a=0.0829 cycle_b=0.0643 id_a=0.0608 id_b=0.0662 gnorm_G=45.0636 gnorm_D=4.2646
2026-10-06 02:55:11 epoch 38 step 1500/6335 G=4.0305 D=0.2850 cycle_a=0.0791 cycle_b=0.0795 id_a=0.0541 id_b=0.1087 gnorm_G=60.7120 gnorm_D=16.2182
2026-10-06 02:56:02 epoch 38 step 2000/6335 G=2.9104 D=0.1937 cycle_a=0.0584 cycle_b=0.1108 id_a=0.0402 id_b=0.0556 gnorm_G=22.9293 gnorm_D=12.9862
2026-10-06 02:56:52 epoch 38 step 2500/6335 G=3.6950 D=0.1917 cycle_a=0.0832 cycle_b=0.0755 id_a=0.0595 id_b=0.0701 gnorm_G=39.6818 gnorm_D=14.5653
2026-10-06 02:57:42 epoch 38 step 3000/6335 G=3.6272 D=0.2378 cycle_a=0.1185 cycle_b=0.0847 id_a=0.0695 id_b=0.0538 gnorm_G=14.3581 gnorm_D=8.1705
2026-10-06 02:58:32 epoch 38 step 3500/6335 G=4.2334 D=0.0988 cycle_a=0.0999 cycle_b=0.1083 id_a=0.0777 id_b=0.0822 gnorm_G=44.3927 gnorm_D=7.2896
2026-10-06 02:59:21 epoch 38 step 4000/6335 G=3.2155 D=0.1532 cycle_a=0.0729 cycle_b=0.0657 id_a=0.0690 id_b=0.1500 gnorm_G=15.2851 gnorm_D=10.5653
2026-10-06 03:00:12 epoch 38 step 4500/6335 G=4.0509 D=0.3056 cycle_a=0.1610 cycle_b=0.0991 id_a=0.1028 id_b=0.0771 gnorm_G=12.5740 gnorm_D=8.8977
2026-10-06 03:01:02 epoch 38 step 5000/6335 G=4.0295 D=0.0747 cycle_a=0.0941 cycle_b=0.1097 id_a=0.0624 id_b=0.0783 gnorm_G=28.4437 gnorm_D=5.0588
2026-10-06 03:01:53 epoch 38 step 5500/6335 G=4.0388 D=0.1897 cycle_a=0.1539 cycle_b=0.0795 id_a=0.1059 id_b=0.0591 gnorm_G=14.4500 gnorm_D=11.9197
2026-10-06 03:02:42 epoch 38 step 6000/6335 G=3.8581 D=0.2663 cycle_a=0.0779 cycle_b=0.1374 id_a=0.0609 id_b=0.1080 gnorm_G=35.2519 gnorm_D=9.8707
2026-10-06 03:03:34 EPOCH 38/50 train_G=3.5820 train_D=0.1658 val_G=5.9178 val_D=0.6779 cycle_a=0.0819 cycle_b=0.0870 gnorm_G=28.4946 gnorm_D=8.9628 seconds=652.60 images_per_sec=19.41 peak_gb=1.562 nan_inf=0 lr=0.000096
2026-10-06 03:04:24 epoch 39 step 500/6335 G=4.5512 D=0.1461 cycle_a=0.0984 cycle_b=0.1494 id_a=0.0693 id_b=0.1544 gnorm_G=23.8176 gnorm_D=5.8993
2026-10-06 03:05:13 epoch 39 step 1000/6335 G=3.5363 D=0.0776 cycle_a=0.1009 cycle_b=0.0471 id_a=0.0693 id_b=0.0433 gnorm_G=22.2513 gnorm_D=4.8429
2026-10-06 03:06:02 epoch 39 step 1500/6335 G=3.1257 D=0.2451 cycle_a=0.1232 cycle_b=0.0457 id_a=0.0737 id_b=0.0404 gnorm_G=17.5049 gnorm_D=8.8833
2026-10-06 03:06:51 epoch 39 step 2000/6335 G=3.5177 D=0.1829 cycle_a=0.0525 cycle_b=0.0889 id_a=0.0358 id_b=0.0820 gnorm_G=20.6685 gnorm_D=12.5501
2026-10-06 03:07:40 epoch 39 step 2500/6335 G=3.1669 D=0.2872 cycle_a=0.0793 cycle_b=0.1046 id_a=0.0555 id_b=0.0871 gnorm_G=11.4362 gnorm_D=8.7016
2026-10-06 03:08:30 epoch 39 step 3000/6335 G=3.6551 D=0.0982 cycle_a=0.0827 cycle_b=0.0797 id_a=0.0594 id_b=0.0724 gnorm_G=31.7643 gnorm_D=6.5807
2026-10-06 03:09:19 epoch 39 step 3500/6335 G=4.2900 D=0.1596 cycle_a=0.0979 cycle_b=0.0571 id_a=0.0656 id_b=0.0875 gnorm_G=29.5491 gnorm_D=14.4244
2026-10-06 03:10:09 epoch 39 step 4000/6335 G=2.6665 D=0.1983 cycle_a=0.0814 cycle_b=0.0488 id_a=0.0450 id_b=0.0301 gnorm_G=23.1394 gnorm_D=5.5639
2026-10-06 03:10:58 epoch 39 step 4500/6335 G=3.9000 D=0.1240 cycle_a=0.1353 cycle_b=0.0733 id_a=0.0976 id_b=0.0690 gnorm_G=26.6136 gnorm_D=9.5875
2026-10-06 03:11:47 epoch 39 step 5000/6335 G=3.2129 D=0.1239 cycle_a=0.0620 cycle_b=0.0907 id_a=0.0410 id_b=0.0788 gnorm_G=22.8314 gnorm_D=5.0675
2026-10-06 03:12:36 epoch 39 step 5500/6335 G=3.8692 D=0.0597 cycle_a=0.0843 cycle_b=0.0857 id_a=0.0649 id_b=0.0765 gnorm_G=34.9024 gnorm_D=4.3426
2026-10-06 03:13:26 epoch 39 step 6000/6335 G=2.6524 D=0.2671 cycle_a=0.0498 cycle_b=0.0839 id_a=0.0412 id_b=0.0731 gnorm_G=20.2437 gnorm_D=22.7480
2026-10-06 03:14:18 EPOCH 39/50 train_G=3.5651 train_D=0.1659 val_G=6.5704 val_D=0.9213 cycle_a=0.0819 cycle_b=0.0861 gnorm_G=28.5863 gnorm_D=9.0031 seconds=642.79 images_per_sec=19.71 peak_gb=1.562 nan_inf=0 lr=0.000088
2026-10-06 03:15:09 epoch 40 step 500/6335 G=3.4300 D=0.1349 cycle_a=0.0746 cycle_b=0.0874 id_a=0.0524 id_b=0.1074 gnorm_G=23.0638 gnorm_D=10.6145
2026-10-06 03:15:58 epoch 40 step 1000/6335 G=3.4750 D=0.2337 cycle_a=0.0612 cycle_b=0.0507 id_a=0.0505 id_b=0.0378 gnorm_G=55.9985 gnorm_D=20.5730
2026-10-06 03:16:48 epoch 40 step 1500/6335 G=4.3802 D=0.1084 cycle_a=0.0827 cycle_b=0.1675 id_a=0.0504 id_b=0.1730 gnorm_G=44.0387 gnorm_D=7.4479
2026-10-06 03:17:37 epoch 40 step 2000/6335 G=3.4224 D=0.0901 cycle_a=0.0863 cycle_b=0.0820 id_a=0.0520 id_b=0.0621 gnorm_G=21.8185 gnorm_D=4.8048
2026-10-06 03:18:27 epoch 40 step 2500/6335 G=3.2983 D=0.2095 cycle_a=0.1031 cycle_b=0.0731 id_a=0.0733 id_b=0.0613 gnorm_G=22.2038 gnorm_D=8.3705
2026-10-06 03:19:16 epoch 40 step 3000/6335 G=3.4882 D=0.0496 cycle_a=0.0493 cycle_b=0.0710 id_a=0.0510 id_b=0.0405 gnorm_G=29.1703 gnorm_D=4.6751
2026-10-06 03:20:06 epoch 40 step 3500/6335 G=2.6222 D=0.2121 cycle_a=0.0524 cycle_b=0.0614 id_a=0.0287 id_b=0.0562 gnorm_G=17.6981 gnorm_D=7.4910
2026-10-06 03:20:56 epoch 40 step 4000/6335 G=2.9339 D=0.2299 cycle_a=0.0611 cycle_b=0.0600 id_a=0.0344 id_b=0.0757 gnorm_G=16.6560 gnorm_D=11.6051
2026-10-06 03:21:45 epoch 40 step 4500/6335 G=3.0268 D=0.1297 cycle_a=0.0849 cycle_b=0.0529 id_a=0.0625 id_b=0.0353 gnorm_G=23.7746 gnorm_D=14.8978
2026-10-06 03:22:35 epoch 40 step 5000/6335 G=3.4263 D=0.1580 cycle_a=0.1007 cycle_b=0.0920 id_a=0.0595 id_b=0.0641 gnorm_G=19.2473 gnorm_D=5.6889
2026-10-06 03:23:24 epoch 40 step 5500/6335 G=2.9345 D=0.2212 cycle_a=0.0713 cycle_b=0.0795 id_a=0.0409 id_b=0.0444 gnorm_G=21.4741 gnorm_D=7.6135
2026-10-06 03:24:14 epoch 40 step 6000/6335 G=3.5617 D=0.1270 cycle_a=0.0910 cycle_b=0.0943 id_a=0.0587 id_b=0.0559 gnorm_G=22.6175 gnorm_D=8.2253
2026-10-06 03:25:07 EPOCH 40/50 train_G=3.5415 train_D=0.1664 val_G=6.5414 val_D=0.9052 cycle_a=0.0817 cycle_b=0.0848 gnorm_G=28.8075 gnorm_D=9.0767 seconds=647.92 images_per_sec=19.56 peak_gb=1.562 nan_inf=0 lr=0.000080
2026-10-06 03:25:08 MILESTONE saved /app/task3_gan_output/checkpoints/generators_epoch_040.pt
2026-10-06 03:25:58 epoch 41 step 500/6335 G=3.5194 D=0.0708 cycle_a=0.0688 cycle_b=0.0493 id_a=0.0778 id_b=0.0402 gnorm_G=49.5658 gnorm_D=7.9897
2026-10-06 03:26:47 epoch 41 step 1000/6335 G=4.6974 D=0.4702 cycle_a=0.0918 cycle_b=0.1493 id_a=0.0584 id_b=0.1210 gnorm_G=29.4131 gnorm_D=13.3562
2026-10-06 03:27:36 epoch 41 step 1500/6335 G=3.5484 D=0.1148 cycle_a=0.0629 cycle_b=0.0958 id_a=0.0455 id_b=0.0665 gnorm_G=46.3819 gnorm_D=6.9187
2026-10-06 03:28:25 epoch 41 step 2000/6335 G=3.4501 D=0.1805 cycle_a=0.0746 cycle_b=0.0630 id_a=0.0613 id_b=0.0385 gnorm_G=38.6233 gnorm_D=9.9386
2026-10-06 03:29:14 epoch 41 step 2500/6335 G=3.0991 D=0.0931 cycle_a=0.0712 cycle_b=0.0643 id_a=0.0440 id_b=0.0435 gnorm_G=36.9873 gnorm_D=10.8050
2026-10-06 03:30:03 epoch 41 step 3000/6335 G=3.6478 D=0.0977 cycle_a=0.0942 cycle_b=0.0933 id_a=0.0559 id_b=0.0731 gnorm_G=20.4254 gnorm_D=5.6774
2026-10-06 03:30:52 epoch 41 step 3500/6335 G=3.0454 D=0.0935 cycle_a=0.0771 cycle_b=0.0555 id_a=0.0463 id_b=0.0363 gnorm_G=27.7848 gnorm_D=5.9478
2026-10-06 03:31:41 epoch 41 step 4000/6335 G=3.1893 D=0.0799 cycle_a=0.0627 cycle_b=0.0667 id_a=0.0434 id_b=0.0464 gnorm_G=59.2636 gnorm_D=4.9852
2026-10-06 03:32:30 epoch 41 step 4500/6335 G=3.3932 D=0.1779 cycle_a=0.0660 cycle_b=0.0650 id_a=0.0470 id_b=0.0493 gnorm_G=24.6266 gnorm_D=21.7946
2026-10-06 03:33:19 epoch 41 step 5000/6335 G=3.8918 D=0.0611 cycle_a=0.0614 cycle_b=0.0935 id_a=0.0687 id_b=0.0761 gnorm_G=57.4612 gnorm_D=6.6408
2026-10-06 03:34:09 epoch 41 step 5500/6335 G=3.8013 D=0.0921 cycle_a=0.0744 cycle_b=0.1063 id_a=0.0518 id_b=0.1444 gnorm_G=51.2207 gnorm_D=8.6902
2026-10-06 03:35:01 epoch 41 step 6000/6335 G=2.9192 D=0.1277 cycle_a=0.0713 cycle_b=0.0599 id_a=0.0479 id_b=0.0535 gnorm_G=21.0742 gnorm_D=8.0135
2026-10-06 03:35:54 EPOCH 41/50 train_G=3.5178 train_D=0.1681 val_G=6.8180 val_D=1.0271 cycle_a=0.0815 cycle_b=0.0837 gnorm_G=28.8095 gnorm_D=9.1371 seconds=646.09 images_per_sec=19.61 peak_gb=1.562 nan_inf=0 lr=0.000072
2026-10-06 03:36:45 epoch 42 step 500/6335 G=4.4495 D=1.1232 cycle_a=0.0755 cycle_b=0.1888 id_a=0.0443 id_b=0.1710 gnorm_G=29.2143 gnorm_D=21.5360
2026-10-06 03:37:34 epoch 42 step 1000/6335 G=3.5254 D=0.1220 cycle_a=0.0370 cycle_b=0.1360 id_a=0.0395 id_b=0.1274 gnorm_G=32.9069 gnorm_D=7.3463
2026-10-06 03:38:23 epoch 42 step 1500/6335 G=3.4049 D=0.1156 cycle_a=0.0953 cycle_b=0.0496 id_a=0.0537 id_b=0.0602 gnorm_G=41.3883 gnorm_D=11.6198
2026-10-06 03:39:12 epoch 42 step 2000/6335 G=2.9122 D=0.3944 cycle_a=0.0727 cycle_b=0.0805 id_a=0.0512 id_b=0.0560 gnorm_G=11.2132 gnorm_D=11.4399
2026-10-06 03:40:02 epoch 42 step 2500/6335 G=2.8734 D=0.2024 cycle_a=0.0774 cycle_b=0.0520 id_a=0.0466 id_b=0.0413 gnorm_G=16.2451 gnorm_D=9.9290
2026-10-06 03:40:52 epoch 42 step 3000/6335 G=3.4965 D=0.1713 cycle_a=0.0610 cycle_b=0.0857 id_a=0.0442 id_b=0.0625 gnorm_G=38.8779 gnorm_D=7.6246
2026-10-06 03:41:40 epoch 42 step 3500/6335 G=2.6818 D=0.1987 cycle_a=0.0536 cycle_b=0.0805 id_a=0.0368 id_b=0.0545 gnorm_G=28.0328 gnorm_D=12.9420
2026-10-06 03:42:28 epoch 42 step 4000/6335 G=3.1512 D=0.3657 cycle_a=0.0801 cycle_b=0.0572 id_a=0.0454 id_b=0.0457 gnorm_G=23.8674 gnorm_D=48.9114
2026-10-06 03:43:18 epoch 42 step 4500/6335 G=4.0957 D=0.2151 cycle_a=0.0619 cycle_b=0.1629 id_a=0.0362 id_b=0.1429 gnorm_G=17.4858 gnorm_D=6.3436
2026-10-06 03:44:07 epoch 42 step 5000/6335 G=4.8996 D=0.0874 cycle_a=0.1258 cycle_b=0.1413 id_a=0.0801 id_b=0.2091 gnorm_G=29.2192 gnorm_D=5.6385
2026-10-06 03:44:56 epoch 42 step 5500/6335 G=3.1140 D=0.1303 cycle_a=0.0784 cycle_b=0.0690 id_a=0.0455 id_b=0.0610 gnorm_G=31.2204 gnorm_D=6.8072
2026-10-06 03:45:46 epoch 42 step 6000/6335 G=3.5016 D=0.5318 cycle_a=0.0899 cycle_b=0.0942 id_a=0.0607 id_b=0.0714 gnorm_G=13.2801 gnorm_D=18.0627
2026-10-06 03:46:37 EPOCH 42/50 train_G=3.4933 train_D=0.1693 val_G=6.8159 val_D=1.0190 cycle_a=0.0813 cycle_b=0.0827 gnorm_G=29.1726 gnorm_D=9.3357 seconds=640.90 images_per_sec=19.77 peak_gb=1.562 nan_inf=0 lr=0.000064
2026-10-06 03:47:27 epoch 43 step 500/6335 G=2.5415 D=0.1995 cycle_a=0.0378 cycle_b=0.0757 id_a=0.0431 id_b=0.0578 gnorm_G=20.9680 gnorm_D=8.8345
2026-10-06 03:48:16 epoch 43 step 1000/6335 G=3.8735 D=0.0466 cycle_a=0.0716 cycle_b=0.0749 id_a=0.0505 id_b=0.0998 gnorm_G=51.1300 gnorm_D=4.1718
2026-10-06 03:49:05 epoch 43 step 1500/6335 G=3.7829 D=0.1122 cycle_a=0.0755 cycle_b=0.1013 id_a=0.0510 id_b=0.0762 gnorm_G=21.1178 gnorm_D=7.1129
2026-10-06 03:49:53 epoch 43 step 2000/6335 G=3.9804 D=0.3350 cycle_a=0.1353 cycle_b=0.0923 id_a=0.0928 id_b=0.0745 gnorm_G=17.4777 gnorm_D=9.0407
2026-10-06 03:50:43 epoch 43 step 2500/6335 G=3.0356 D=0.0743 cycle_a=0.0650 cycle_b=0.0547 id_a=0.0348 id_b=0.0831 gnorm_G=27.0403 gnorm_D=4.6990
2026-10-06 03:51:32 epoch 43 step 3000/6335 G=3.1770 D=0.1612 cycle_a=0.0606 cycle_b=0.0811 id_a=0.0603 id_b=0.0609 gnorm_G=24.3313 gnorm_D=10.4830
2026-10-06 03:52:21 epoch 43 step 3500/6335 G=3.7824 D=0.1491 cycle_a=0.0739 cycle_b=0.1243 id_a=0.0455 id_b=0.0931 gnorm_G=23.4173 gnorm_D=9.9383
2026-10-06 03:53:10 epoch 43 step 4000/6335 G=3.9174 D=0.2513 cycle_a=0.1329 cycle_b=0.0799 id_a=0.0899 id_b=0.0633 gnorm_G=15.1003 gnorm_D=10.4932
2026-10-06 03:53:59 epoch 43 step 4500/6335 G=2.6821 D=0.1250 cycle_a=0.0379 cycle_b=0.0658 id_a=0.0359 id_b=0.0364 gnorm_G=35.7809 gnorm_D=9.7797
2026-10-06 03:54:48 epoch 43 step 5000/6335 G=3.4692 D=0.1148 cycle_a=0.0749 cycle_b=0.0992 id_a=0.0446 id_b=0.0869 gnorm_G=18.0638 gnorm_D=4.9949
2026-10-06 03:55:37 epoch 43 step 5500/6335 G=2.7159 D=0.1778 cycle_a=0.0647 cycle_b=0.0468 id_a=0.0402 id_b=0.0335 gnorm_G=17.5185 gnorm_D=12.7028
2026-10-06 03:56:27 epoch 43 step 6000/6335 G=3.6509 D=0.0809 cycle_a=0.0683 cycle_b=0.0902 id_a=0.0515 id_b=0.0639 gnorm_G=39.0608 gnorm_D=11.0214
2026-10-06 03:57:18 EPOCH 43/50 train_G=3.4724 train_D=0.1715 val_G=6.5105 val_D=0.9317 cycle_a=0.0811 cycle_b=0.0817 gnorm_G=28.4643 gnorm_D=9.4893 seconds=640.51 images_per_sec=19.78 peak_gb=1.562 nan_inf=0 lr=0.000056
2026-10-06 03:58:09 epoch 44 step 500/6335 G=3.2911 D=0.0750 cycle_a=0.0874 cycle_b=0.0628 id_a=0.0547 id_b=0.0495 gnorm_G=26.1284 gnorm_D=6.4680
2026-10-06 03:58:59 epoch 44 step 1000/6335 G=3.3154 D=0.1969 cycle_a=0.1162 cycle_b=0.0562 id_a=0.0757 id_b=0.0365 gnorm_G=12.1188 gnorm_D=6.0801
2026-10-06 03:59:49 epoch 44 step 1500/6335 G=3.5181 D=0.1627 cycle_a=0.1116 cycle_b=0.0683 id_a=0.0668 id_b=0.0489 gnorm_G=17.1546 gnorm_D=9.9909
2026-10-06 04:00:40 epoch 44 step 2000/6335 G=3.6082 D=0.1007 cycle_a=0.0563 cycle_b=0.1170 id_a=0.0340 id_b=0.0922 gnorm_G=38.2177 gnorm_D=8.5877
2026-10-06 04:01:30 epoch 44 step 2500/6335 G=3.3102 D=0.1787 cycle_a=0.0915 cycle_b=0.0821 id_a=0.0562 id_b=0.0692 gnorm_G=18.4547 gnorm_D=6.6676
2026-10-06 04:02:20 epoch 44 step 3000/6335 G=5.3528 D=0.1377 cycle_a=0.1045 cycle_b=0.1792 id_a=0.0698 id_b=0.1739 gnorm_G=56.0244 gnorm_D=8.2532
2026-10-06 04:03:09 epoch 44 step 3500/6335 G=3.7104 D=0.2781 cycle_a=0.0618 cycle_b=0.1061 id_a=0.0390 id_b=0.1147 gnorm_G=33.6077 gnorm_D=8.3295
2026-10-06 04:03:59 epoch 44 step 4000/6335 G=2.9231 D=0.1567 cycle_a=0.0715 cycle_b=0.0509 id_a=0.0466 id_b=0.0355 gnorm_G=24.1461 gnorm_D=14.3951
2026-10-06 04:04:48 epoch 44 step 4500/6335 G=3.4890 D=0.0828 cycle_a=0.0749 cycle_b=0.0887 id_a=0.0425 id_b=0.0630 gnorm_G=20.9660 gnorm_D=4.9447
2026-10-06 04:05:36 epoch 44 step 5000/6335 G=3.6234 D=0.0898 cycle_a=0.1164 cycle_b=0.0721 id_a=0.0715 id_b=0.0597 gnorm_G=27.3028 gnorm_D=5.6583
2026-10-06 04:06:26 epoch 44 step 5500/6335 G=2.4490 D=0.1455 cycle_a=0.0423 cycle_b=0.0524 id_a=0.0324 id_b=0.0294 gnorm_G=28.9686 gnorm_D=9.3492
2026-10-06 04:07:15 epoch 44 step 6000/6335 G=3.2802 D=0.0537 cycle_a=0.0703 cycle_b=0.0612 id_a=0.0608 id_b=0.0441 gnorm_G=23.3714 gnorm_D=5.3987
2026-10-06 04:08:07 EPOCH 44/50 train_G=3.4469 train_D=0.1731 val_G=6.6696 val_D=0.9741 cycle_a=0.0809 cycle_b=0.0807 gnorm_G=27.6476 gnorm_D=9.5393 seconds=647.21 images_per_sec=19.58 peak_gb=1.562 nan_inf=0 lr=0.000048
2026-10-06 04:08:58 epoch 45 step 500/6335 G=3.4492 D=0.1553 cycle_a=0.0990 cycle_b=0.0728 id_a=0.0583 id_b=0.0535 gnorm_G=29.5588 gnorm_D=10.9030
2026-10-06 04:09:47 epoch 45 step 1000/6335 G=2.9277 D=0.1037 cycle_a=0.0763 cycle_b=0.0633 id_a=0.0476 id_b=0.0458 gnorm_G=21.9167 gnorm_D=5.2997
2026-10-06 04:10:36 epoch 45 step 1500/6335 G=2.4634 D=0.1724 cycle_a=0.0519 cycle_b=0.0469 id_a=0.0345 id_b=0.0363 gnorm_G=16.6523 gnorm_D=9.0220
2026-10-06 04:11:26 epoch 45 step 2000/6335 G=3.0501 D=0.1103 cycle_a=0.0413 cycle_b=0.0901 id_a=0.0290 id_b=0.0687 gnorm_G=31.1614 gnorm_D=5.0634
2026-10-06 04:12:14 epoch 45 step 2500/6335 G=3.4713 D=0.3198 cycle_a=0.1011 cycle_b=0.1038 id_a=0.0573 id_b=0.0812 gnorm_G=11.1759 gnorm_D=6.2856
2026-10-06 04:13:04 epoch 45 step 3000/6335 G=4.3235 D=0.0584 cycle_a=0.1314 cycle_b=0.0698 id_a=0.0958 id_b=0.0674 gnorm_G=21.6476 gnorm_D=5.8383
2026-10-06 04:13:54 epoch 45 step 3500/6335 G=3.2523 D=0.2230 cycle_a=0.0370 cycle_b=0.0986 id_a=0.0290 id_b=0.0715 gnorm_G=30.2844 gnorm_D=9.5260
2026-10-06 04:14:43 epoch 45 step 4000/6335 G=3.3803 D=0.1046 cycle_a=0.0880 cycle_b=0.0751 id_a=0.0489 id_b=0.0514 gnorm_G=16.0693 gnorm_D=6.0976
2026-10-06 04:15:33 epoch 45 step 4500/6335 G=3.7155 D=0.2038 cycle_a=0.1246 cycle_b=0.0827 id_a=0.0782 id_b=0.0568 gnorm_G=15.0865 gnorm_D=10.2132
2026-10-06 04:16:22 epoch 45 step 5000/6335 G=3.3355 D=0.1202 cycle_a=0.1193 cycle_b=0.0535 id_a=0.0681 id_b=0.0349 gnorm_G=23.3120 gnorm_D=8.6474
2026-10-06 04:17:11 epoch 45 step 5500/6335 G=3.2534 D=0.0899 cycle_a=0.0803 cycle_b=0.0778 id_a=0.0560 id_b=0.0593 gnorm_G=22.1732 gnorm_D=7.7732
2026-10-06 04:18:00 epoch 45 step 6000/6335 G=2.8945 D=0.1374 cycle_a=0.0756 cycle_b=0.0429 id_a=0.0492 id_b=0.0337 gnorm_G=20.0612 gnorm_D=9.2587
2026-10-06 04:18:51 EPOCH 45/50 train_G=3.4228 train_D=0.1727 val_G=6.6279 val_D=1.0378 cycle_a=0.0806 cycle_b=0.0796 gnorm_G=26.8505 gnorm_D=9.5056 seconds=643.10 images_per_sec=19.70 peak_gb=1.562 nan_inf=0 lr=0.000040
2026-10-06 04:19:43 epoch 46 step 500/6335 G=3.4681 D=0.1467 cycle_a=0.0817 cycle_b=0.0762 id_a=0.0544 id_b=0.0670 gnorm_G=17.9515 gnorm_D=7.8942
2026-10-06 04:20:33 epoch 46 step 1000/6335 G=4.2751 D=0.1806 cycle_a=0.0937 cycle_b=0.0965 id_a=0.0641 id_b=0.1339 gnorm_G=25.0819 gnorm_D=18.7028
2026-10-06 04:21:23 epoch 46 step 1500/6335 G=3.5075 D=0.1175 cycle_a=0.1117 cycle_b=0.0613 id_a=0.0651 id_b=0.0980 gnorm_G=44.8551 gnorm_D=4.9867
2026-10-06 04:22:11 epoch 46 step 2000/6335 G=3.5313 D=0.1209 cycle_a=0.0961 cycle_b=0.0835 id_a=0.0630 id_b=0.0703 gnorm_G=15.8325 gnorm_D=4.9447
2026-10-06 04:22:59 epoch 46 step 2500/6335 G=3.7652 D=0.0909 cycle_a=0.0741 cycle_b=0.0924 id_a=0.0458 id_b=0.0788 gnorm_G=39.6173 gnorm_D=10.6339
2026-10-06 04:23:49 epoch 46 step 3000/6335 G=3.3791 D=0.0724 cycle_a=0.0866 cycle_b=0.0736 id_a=0.0573 id_b=0.0516 gnorm_G=29.6495 gnorm_D=6.7448
2026-10-06 04:24:39 epoch 46 step 3500/6335 G=3.4973 D=0.1281 cycle_a=0.0712 cycle_b=0.1017 id_a=0.0455 id_b=0.0900 gnorm_G=25.4306 gnorm_D=5.7848
2026-10-06 04:25:28 epoch 46 step 4000/6335 G=3.1416 D=0.2050 cycle_a=0.0859 cycle_b=0.0386 id_a=0.0573 id_b=0.0307 gnorm_G=45.1979 gnorm_D=28.6131
2026-10-06 04:26:17 epoch 46 step 4500/6335 G=2.9839 D=0.0906 cycle_a=0.0528 cycle_b=0.0848 id_a=0.0289 id_b=0.0569 gnorm_G=22.6253 gnorm_D=7.4311
2026-10-06 04:27:05 epoch 46 step 5000/6335 G=3.7845 D=0.2188 cycle_a=0.1173 cycle_b=0.0591 id_a=0.0709 id_b=0.0636 gnorm_G=21.5520 gnorm_D=10.0883
2026-10-06 04:27:54 epoch 46 step 5500/6335 G=3.3394 D=0.0601 cycle_a=0.0680 cycle_b=0.0645 id_a=0.0401 id_b=0.0833 gnorm_G=18.3794 gnorm_D=5.0649
2026-10-06 04:28:45 epoch 46 step 6000/6335 G=2.9558 D=0.0935 cycle_a=0.0705 cycle_b=0.0615 id_a=0.0421 id_b=0.0433 gnorm_G=24.3748 gnorm_D=7.3287
2026-10-06 04:29:37 EPOCH 46/50 train_G=3.4031 train_D=0.1752 val_G=6.9620 val_D=1.1125 cycle_a=0.0805 cycle_b=0.0787 gnorm_G=24.8364 gnorm_D=9.4257 seconds=644.76 images_per_sec=19.65 peak_gb=1.562 nan_inf=0 lr=0.000032
2026-10-06 04:30:28 epoch 47 step 500/6335 G=3.6220 D=0.2569 cycle_a=0.0662 cycle_b=0.1196 id_a=0.0423 id_b=0.0933 gnorm_G=31.7657 gnorm_D=7.0136
2026-10-06 04:31:19 epoch 47 step 1000/6335 G=3.8646 D=0.1238 cycle_a=0.0933 cycle_b=0.0877 id_a=0.0577 id_b=0.0766 gnorm_G=35.6606 gnorm_D=7.0182
2026-10-06 04:32:07 epoch 47 step 1500/6335 G=3.9800 D=0.3478 cycle_a=0.0988 cycle_b=0.0745 id_a=0.0613 id_b=0.0545 gnorm_G=37.7235 gnorm_D=17.4002
2026-10-06 04:32:56 epoch 47 step 2000/6335 G=4.6789 D=0.1524 cycle_a=0.0761 cycle_b=0.1906 id_a=0.0376 id_b=0.1826 gnorm_G=18.5266 gnorm_D=4.4066
2026-10-06 04:33:44 epoch 47 step 2500/6335 G=3.1046 D=0.1222 cycle_a=0.0534 cycle_b=0.0804 id_a=0.0330 id_b=0.0543 gnorm_G=19.6983 gnorm_D=8.5534
2026-10-06 04:34:33 epoch 47 step 3000/6335 G=3.6785 D=0.0746 cycle_a=0.0786 cycle_b=0.0868 id_a=0.0525 id_b=0.0978 gnorm_G=22.0743 gnorm_D=6.8138
2026-10-06 04:35:23 epoch 47 step 3500/6335 G=4.0134 D=0.5187 cycle_a=0.1349 cycle_b=0.1006 id_a=0.0871 id_b=0.0732 gnorm_G=8.9104 gnorm_D=16.4382
2026-10-06 04:36:13 epoch 47 step 4000/6335 G=3.5384 D=0.3908 cycle_a=0.0783 cycle_b=0.0570 id_a=0.0524 id_b=0.0566 gnorm_G=31.6507 gnorm_D=44.9241
2026-10-06 04:37:01 epoch 47 step 4500/6335 G=2.9742 D=0.1195 cycle_a=0.0593 cycle_b=0.0700 id_a=0.0417 id_b=0.0752 gnorm_G=17.5830 gnorm_D=8.4432
2026-10-06 04:37:49 epoch 47 step 5000/6335 G=3.1242 D=0.1356 cycle_a=0.0633 cycle_b=0.0865 id_a=0.0322 id_b=0.0767 gnorm_G=17.0260 gnorm_D=9.2220
2026-10-06 04:38:38 epoch 47 step 5500/6335 G=3.2899 D=0.1807 cycle_a=0.0887 cycle_b=0.0691 id_a=0.0475 id_b=0.0621 gnorm_G=15.8941 gnorm_D=14.4778
2026-10-06 04:39:25 epoch 47 step 6000/6335 G=2.5182 D=0.1068 cycle_a=0.0653 cycle_b=0.0433 id_a=0.0372 id_b=0.0539 gnorm_G=12.8480 gnorm_D=6.7645
2026-10-06 04:40:15 EPOCH 47/50 train_G=3.3756 train_D=0.1760 val_G=6.8958 val_D=1.1095 cycle_a=0.0801 cycle_b=0.0777 gnorm_G=22.9316 gnorm_D=9.3964 seconds=636.83 images_per_sec=19.90 peak_gb=1.562 nan_inf=0 lr=0.000024
2026-10-06 04:41:06 epoch 48 step 500/6335 G=2.9960 D=0.2415 cycle_a=0.0532 cycle_b=0.0811 id_a=0.0349 id_b=0.0612 gnorm_G=14.4897 gnorm_D=14.0612
2026-10-06 04:41:54 epoch 48 step 1000/6335 G=2.9620 D=0.0961 cycle_a=0.0618 cycle_b=0.0578 id_a=0.0369 id_b=0.0477 gnorm_G=31.3207 gnorm_D=6.8315
2026-10-06 04:42:43 epoch 48 step 1500/6335 G=3.6394 D=0.1230 cycle_a=0.1152 cycle_b=0.0712 id_a=0.0719 id_b=0.0739 gnorm_G=22.9944 gnorm_D=7.2987
2026-10-06 04:43:32 epoch 48 step 2000/6335 G=3.0587 D=0.1088 cycle_a=0.0663 cycle_b=0.0557 id_a=0.0424 id_b=0.0659 gnorm_G=24.4134 gnorm_D=8.2178
2026-10-06 04:44:20 epoch 48 step 2500/6335 G=3.6762 D=0.0887 cycle_a=0.0896 cycle_b=0.0754 id_a=0.0546 id_b=0.0711 gnorm_G=23.6872 gnorm_D=4.1694
2026-10-06 04:45:08 epoch 48 step 3000/6335 G=3.4824 D=0.1474 cycle_a=0.1059 cycle_b=0.0603 id_a=0.0647 id_b=0.0519 gnorm_G=23.9861 gnorm_D=12.8377
2026-10-06 04:45:56 epoch 48 step 3500/6335 G=3.7488 D=0.3845 cycle_a=0.0741 cycle_b=0.1342 id_a=0.0515 id_b=0.1139 gnorm_G=12.2705 gnorm_D=12.0005
2026-10-06 04:46:45 epoch 48 step 4000/6335 G=2.5928 D=0.2236 cycle_a=0.0653 cycle_b=0.0521 id_a=0.0356 id_b=0.0454 gnorm_G=20.4252 gnorm_D=16.7464
2026-10-06 04:47:34 epoch 48 step 4500/6335 G=2.6123 D=0.7960 cycle_a=0.0736 cycle_b=0.0566 id_a=0.0417 id_b=0.0477 gnorm_G=14.6307 gnorm_D=23.6499
2026-10-06 04:48:21 epoch 48 step 5000/6335 G=2.8975 D=0.1739 cycle_a=0.0715 cycle_b=0.0591 id_a=0.0453 id_b=0.0520 gnorm_G=15.8301 gnorm_D=11.2713
2026-10-06 04:49:10 epoch 48 step 5500/6335 G=3.0347 D=0.1119 cycle_a=0.0744 cycle_b=0.0547 id_a=0.0427 id_b=0.0867 gnorm_G=19.5541 gnorm_D=5.3380
2026-10-06 04:49:56 epoch 48 step 6000/6335 G=3.5322 D=0.1668 cycle_a=0.1066 cycle_b=0.0847 id_a=0.0709 id_b=0.0639 gnorm_G=15.9154 gnorm_D=5.4195
2026-10-06 04:50:47 EPOCH 48/50 train_G=3.3521 train_D=0.1789 val_G=6.8460 val_D=1.1217 cycle_a=0.0800 cycle_b=0.0768 gnorm_G=21.1341 gnorm_D=9.3080 seconds=630.85 images_per_sec=20.08 peak_gb=1.562 nan_inf=0 lr=0.000016
2026-10-06 04:51:37 epoch 49 step 500/6335 G=3.3092 D=0.1009 cycle_a=0.0684 cycle_b=0.0739 id_a=0.0438 id_b=0.0519 gnorm_G=24.1519 gnorm_D=6.3057
2026-10-06 04:52:26 epoch 49 step 1000/6335 G=3.4345 D=0.1757 cycle_a=0.0898 cycle_b=0.0865 id_a=0.0482 id_b=0.0826 gnorm_G=15.4203 gnorm_D=6.1773
2026-10-06 04:53:13 epoch 49 step 1500/6335 G=4.2260 D=0.0753 cycle_a=0.0919 cycle_b=0.1230 id_a=0.0740 id_b=0.1037 gnorm_G=37.1091 gnorm_D=6.4397
2026-10-06 04:54:02 epoch 49 step 2000/6335 G=3.5124 D=0.2513 cycle_a=0.0676 cycle_b=0.1042 id_a=0.0473 id_b=0.0927 gnorm_G=23.6690 gnorm_D=9.6390
2026-10-06 04:54:50 epoch 49 step 2500/6335 G=3.2331 D=0.1300 cycle_a=0.0522 cycle_b=0.0738 id_a=0.0309 id_b=0.0649 gnorm_G=17.5113 gnorm_D=7.7043
2026-10-06 04:55:39 epoch 49 step 3000/6335 G=3.5235 D=0.2245 cycle_a=0.1166 cycle_b=0.0729 id_a=0.0691 id_b=0.0577 gnorm_G=9.5090 gnorm_D=8.6915
2026-10-06 04:56:26 epoch 49 step 3500/6335 G=3.3699 D=0.1043 cycle_a=0.0575 cycle_b=0.0918 id_a=0.0333 id_b=0.0682 gnorm_G=21.7000 gnorm_D=5.3187
2026-10-06 04:57:15 epoch 49 step 4000/6335 G=3.3374 D=0.1302 cycle_a=0.0748 cycle_b=0.0984 id_a=0.0423 id_b=0.0858 gnorm_G=11.1861 gnorm_D=8.5769
2026-10-06 04:58:03 epoch 49 step 4500/6335 G=3.5005 D=0.0900 cycle_a=0.1049 cycle_b=0.0700 id_a=0.0558 id_b=0.0504 gnorm_G=19.0551 gnorm_D=4.9484
2026-10-06 04:58:52 epoch 49 step 5000/6335 G=3.0589 D=0.1444 cycle_a=0.0810 cycle_b=0.0601 id_a=0.0462 id_b=0.0525 gnorm_G=13.7032 gnorm_D=7.6841
2026-10-06 04:59:42 epoch 49 step 5500/6335 G=2.8128 D=0.2062 cycle_a=0.0643 cycle_b=0.0504 id_a=0.0334 id_b=0.0335 gnorm_G=13.7425 gnorm_D=13.4559
2026-10-06 05:00:31 epoch 49 step 6000/6335 G=2.9593 D=0.1040 cycle_a=0.0639 cycle_b=0.0691 id_a=0.0368 id_b=0.0795 gnorm_G=19.3742 gnorm_D=6.0373
2026-10-06 05:01:23 EPOCH 49/50 train_G=3.3388 train_D=0.1800 val_G=7.1552 val_D=1.2137 cycle_a=0.0798 cycle_b=0.0761 gnorm_G=19.0117 gnorm_D=9.3072 seconds=634.18 images_per_sec=19.98 peak_gb=1.562 nan_inf=0 lr=0.000008
2026-10-06 05:02:15 epoch 50 step 500/6335 G=2.7173 D=0.1010 cycle_a=0.0627 cycle_b=0.0573 id_a=0.0372 id_b=0.0512 gnorm_G=16.4299 gnorm_D=9.5428
2026-10-06 05:03:05 epoch 50 step 1000/6335 G=2.7611 D=0.2454 cycle_a=0.0708 cycle_b=0.0552 id_a=0.0438 id_b=0.0435 gnorm_G=15.5343 gnorm_D=9.6715
2026-10-06 05:03:55 epoch 50 step 1500/6335 G=2.9787 D=0.3831 cycle_a=0.0355 cycle_b=0.0892 id_a=0.0260 id_b=0.0678 gnorm_G=12.3929 gnorm_D=14.3727
2026-10-06 05:04:45 epoch 50 step 2000/6335 G=3.7403 D=0.0303 cycle_a=0.0942 cycle_b=0.0562 id_a=0.0627 id_b=0.0545 gnorm_G=18.9752 gnorm_D=3.4295
2026-10-06 05:05:35 epoch 50 step 2500/6335 G=4.0619 D=0.1771 cycle_a=0.1428 cycle_b=0.0943 id_a=0.0925 id_b=0.1016 gnorm_G=20.0836 gnorm_D=5.8169
2026-10-06 05:06:25 epoch 50 step 3000/6335 G=3.2921 D=0.0837 cycle_a=0.0837 cycle_b=0.0516 id_a=0.0586 id_b=0.0601 gnorm_G=19.8700 gnorm_D=8.5539
2026-10-06 05:07:14 epoch 50 step 3500/6335 G=3.8252 D=0.0753 cycle_a=0.0993 cycle_b=0.0853 id_a=0.0651 id_b=0.0728 gnorm_G=16.8339 gnorm_D=4.9121
2026-10-06 05:08:03 epoch 50 step 4000/6335 G=3.3351 D=0.1799 cycle_a=0.1138 cycle_b=0.0629 id_a=0.0640 id_b=0.0448 gnorm_G=9.2929 gnorm_D=7.4674
2026-10-06 05:08:54 epoch 50 step 4500/6335 G=2.7450 D=0.1194 cycle_a=0.0632 cycle_b=0.0529 id_a=0.0337 id_b=0.0359 gnorm_G=12.7441 gnorm_D=6.7934
2026-10-06 05:09:43 epoch 50 step 5000/6335 G=2.5911 D=0.3097 cycle_a=0.0807 cycle_b=0.0439 id_a=0.0463 id_b=0.0417 gnorm_G=14.8789 gnorm_D=25.4262
2026-10-06 05:10:34 epoch 50 step 5500/6335 G=3.4828 D=0.0481 cycle_a=0.0866 cycle_b=0.0694 id_a=0.0572 id_b=0.0451 gnorm_G=20.6193 gnorm_D=5.9710
2026-10-06 05:11:25 epoch 50 step 6000/6335 G=3.7039 D=0.1441 cycle_a=0.0553 cycle_b=0.0873 id_a=0.0556 id_b=0.0647 gnorm_G=14.9710 gnorm_D=10.9925
2026-10-06 05:12:17 EPOCH 50/50 train_G=3.3199 train_D=0.1800 val_G=6.7979 val_D=1.1442 cycle_a=0.0797 cycle_b=0.0752 gnorm_G=17.0465 gnorm_D=9.1994 seconds=653.31 images_per_sec=19.39 peak_gb=1.562 nan_inf=0 lr=0.000000
2026-10-06 05:12:19 MILESTONE saved /app/task3_gan_output/checkpoints/generators_epoch_050.pt
2026-10-06 05:12:19 TRAINING COMPLETE total_hours=8.944
